﻿<?xml version="1.0" encoding="utf-8"?><ADDRESSOBJECTTYPES><ADDRESSOBJECTTYPE ID="2" LEVEL="1" NAME="Автономная область" SHORTNAME="а.обл." DESC="Автономная область" UPDATEDATE="2015-11-05" STARTDATE="2015-11-05" ENDDATE="2079-06-06" ISACTIVE="true" /><ADDRESSOBJECTTYPE ID="5" LEVEL="1" NAME="Автономная область" SHORTNAME="Аобл" DESC="Автономная область" UPDATEDATE="1900-01-01" STARTDATE="1900-01-01" ENDDATE="2015-11-05" ISACTIVE="true" /><ADDRESSOBJECTTYPE ID="4" LEVEL="1" NAME="Автономный округ" SHORTNAME="АО" DESC="Автономный округ" UPDATEDATE="1900-01-01" STARTDATE="1900-01-01" ENDDATE="2015-11-05" ISACTIVE="true" /><ADDRESSOBJECTTYPE ID="3" LEVEL="1" NAME="Автономный округ" SHORTNAME="а.окр." DESC="Автономный округ" UPDATEDATE="2015-11-05" STARTDATE="2015-11-05" ENDDATE="2079-06-06" ISACTIVE="true" /><ADDRESSOBJECTTYPE ID="6" LEVEL="1" NAME="Город" SHORTNAME="г" DESC="Город" UPDATEDATE="1900-01-01" STARTDATE="1900-01-01" ENDDATE="2015-11-05" ISACTIVE="true" /><ADDRESSOBJECTTYPE ID="7" LEVEL="1" NAME="Город" SHORTNAME="г." DESC="Город" UPDATEDATE="2015-11-05" STARTDATE="2015-11-05" ENDDATE="2079-06-06" ISACTIVE="true" /><ADDRESSOBJECTTYPE ID="8" LEVEL="1" NAME="Город федерального значения" SHORTNAME="г.ф.з." DESC="Город федерального значения" UPDATEDATE="2015-11-05" STARTDATE="2015-11-05" ENDDATE="2079-06-06" ISACTIVE="true" /><ADDRESSOBJECTTYPE ID="9" LEVEL="1" NAME="Край" SHORTNAME="край" DESC="Край" UPDATEDATE="1900-01-01" STARTDATE="1900-01-01" ENDDATE="2079-06-06" ISACTIVE="true" /><ADDRESSOBJECTTYPE ID="11" LEVEL="1" NAME="Область" SHORTNAME="обл." DESC="Область" UPDATEDATE="2015-11-05" STARTDATE="2015-11-05" ENDDATE="2079-06-06" ISACTIVE="true" /><ADDRESSOBJECTTYPE ID="10" LEVEL="1" NAME="Область" SHORTNAME="обл" DESC="Область" UPDATEDATE="1900-01-01" STARTDATE="1900-01-01" ENDDATE="2015-11-05" ISACTIVE="true" /><ADDRESSOBJECTTYPE ID="12" LEVEL="1" NAME="Округ" SHORTNAME="округ" DESC="Округ" UPDATEDATE="1900-01-01" STARTDATE="1900-01-01" ENDDATE="2015-11-05" ISACTIVE="true" /><ADDRESSOBJECTTYPE ID="13" LEVEL="1" NAME="Республика" SHORTNAME="Респ" DESC="Республика" UPDATEDATE="1900-01-01" STARTDATE="1900-01-01" ENDDATE="2015-11-05" ISACTIVE="true" /><ADDRESSOBJECTTYPE ID="14" LEVEL="1" NAME="Республика" SHORTNAME="респ." DESC="Республика" UPDATEDATE="2015-11-05" STARTDATE="2015-11-05" ENDDATE="2079-06-06" ISACTIVE="true" /><ADDRESSOBJECTTYPE ID="15" LEVEL="1" NAME="Чувашия" SHORTNAME="Чувашия" DESC="Чувашия" UPDATEDATE="1900-01-01" STARTDATE="1900-01-01" ENDDATE="2015-11-05" ISACTIVE="true" /><ADDRESSOBJECTTYPE ID="17" LEVEL="2" NAME="Автономный округ" SHORTNAME="АО" DESC="Автономный округ" UPDATEDATE="1900-01-01" STARTDATE="1900-01-01" ENDDATE="2015-11-05" ISACTIVE="true" /><ADDRESSOBJECTTYPE ID="18" LEVEL="2" NAME="Внутригородская территория" SHORTNAME="вн.тер. г." DESC="Внутригородская территория" UPDATEDATE="2015-11-05" STARTDATE="2015-11-05" ENDDATE="2015-11-05" ISACTIVE="true" /><ADDRESSOBJECTTYPE ID="423" LEVEL="2" NAME="Город" SHORTNAME="г" DESC="Город" UPDATEDATE="2015-11-05" STARTDATE="2015-11-05" ENDDATE="2079-06-06" ISACTIVE="true" /><ADDRESSOBJECTTYPE ID="19" LEVEL="2" NAME="Городской округ" SHORTNAME="г.о." DESC="Городской округ" UPDATEDATE="2015-11-05" STARTDATE="2015-11-05" ENDDATE="2015-11-05" ISACTIVE="true" /><ADDRESSOBJECTTYPE ID="20" LEVEL="2" NAME="Муниципальный район" SHORTNAME="м.р-н" DESC="Муниципальный район" UPDATEDATE="2015-11-05" STARTDATE="2015-11-05" ENDDATE="2015-11-05" ISACTIVE="true" /><ADDRESSOBJECTTYPE ID="21" LEVEL="2" NAME="Поселение" SHORTNAME="п" DESC="Поселение" UPDATEDATE="1900-01-01" STARTDATE="1900-01-01" ENDDATE="2015-11-05" ISACTIVE="true" /><ADDRESSOBJECTTYPE ID="22" LEVEL="2" NAME="Поселение" SHORTNAME="пос." DESC="Поселение" UPDATEDATE="2015-11-05" STARTDATE="2015-11-05" ENDDATE="2079-06-06" ISACTIVE="true" /><ADDRESSOBJECTTYPE ID="23" LEVEL="2" NAME="Район" SHORTNAME="р-н" DESC="Район" UPDATEDATE="1900-01-01" STARTDATE="1900-01-01" ENDDATE="2079-06-06" ISACTIVE="true" /><ADDRESSOBJECTTYPE ID="24" LEVEL="2" NAME="Территория" SHORTNAME="тер" DESC="Территория" UPDATEDATE="1900-01-01" STARTDATE="1900-01-01" ENDDATE="2015-11-05" ISACTIVE="true" /><ADDRESSOBJECTTYPE ID="26" LEVEL="2" NAME="Улус" SHORTNAME="у." DESC="Улус" UPDATEDATE="2015-11-05" STARTDATE="2015-11-05" ENDDATE="2079-06-06" ISACTIVE="true" /><ADDRESSOBJECTTYPE ID="25" LEVEL="2" NAME="Улус" SHORTNAME="у" DESC="Улус" UPDATEDATE="1900-01-01" STARTDATE="1900-01-01" ENDDATE="2015-11-05" ISACTIVE="true" /><ADDRESSOBJECTTYPE ID="417" LEVEL="3" NAME="внутригородская территория (внутригородское муниципальное образование) города федерального значения" SHORTNAME="вн.тер.г." DESC="внутригородская территория (внутригородское муниципальное образование) города федерального значения" UPDATEDATE="2015-11-05" STARTDATE="2015-11-05" ENDDATE="2079-06-06" ISACTIVE="true" /><ADDRESSOBJECTTYPE ID="414" LEVEL="3" NAME="Городской округ" SHORTNAME="г.о." DESC="Городской округ" UPDATEDATE="2015-11-05" STARTDATE="2015-11-05" ENDDATE="2079-06-06" ISACTIVE="true" /><ADDRESSOBJECTTYPE ID="422" LEVEL="3" NAME="Муниципальный округ" SHORTNAME="м.о." DESC="Муниципальный округ" UPDATEDATE="2019-05-01" STARTDATE="2019-05-01" ENDDATE="2079-06-06" ISACTIVE="true" /><ADDRESSOBJECTTYPE ID="416" LEVEL="3" NAME="Муниципальный район" SHORTNAME="м.р-н" DESC="Муниципальный район" UPDATEDATE="2015-11-05" STARTDATE="2015-11-05" ENDDATE="2079-06-06" ISACTIVE="true" /><ADDRESSOBJECTTYPE ID="420" LEVEL="4" NAME="внутригородской район" SHORTNAME="вн.р-н" DESC="внутригородской район" UPDATEDATE="2015-11-05" STARTDATE="2015-11-05" ENDDATE="2079-06-06" ISACTIVE="true" /><ADDRESSOBJECTTYPE ID="419" LEVEL="4" NAME="городское поселение" SHORTNAME="г.п." DESC="городское поселение" UPDATEDATE="2015-11-05" STARTDATE="2015-11-05" ENDDATE="2079-06-06" ISACTIVE="true" /><ADDRESSOBJECTTYPE ID="421" LEVEL="4" NAME="межселенная территория" SHORTNAME="межсел.тер." DESC="межселенная территория" UPDATEDATE="2015-11-05" STARTDATE="2015-11-05" ENDDATE="2079-06-06" ISACTIVE="true" /><ADDRESSOBJECTTYPE ID="418" LEVEL="4" NAME="сельское поселение" SHORTNAME="с.п." DESC="сельское поселение" UPDATEDATE="2015-11-05" STARTDATE="2015-11-05" ENDDATE="2079-06-06" ISACTIVE="true" /><ADDRESSOBJECTTYPE ID="27" LEVEL="5" NAME="Волость" SHORTNAME="волость" DESC="Волость" UPDATEDATE="1900-01-01" STARTDATE="1900-01-01" ENDDATE="2015-11-05" ISACTIVE="true" /><ADDRESSOBJECTTYPE ID="28" LEVEL="5" NAME="Город" SHORTNAME="г" DESC="Город" UPDATEDATE="1900-01-01" STARTDATE="1900-01-01" ENDDATE="2015-11-05" ISACTIVE="true" /><ADDRESSOBJECTTYPE ID="29" LEVEL="5" NAME="Город" SHORTNAME="г." DESC="Город" UPDATEDATE="2015-11-05" STARTDATE="2015-11-05" ENDDATE="2079-06-06" ISACTIVE="true" /><ADDRESSOBJECTTYPE ID="30" LEVEL="5" NAME="Дачный поселок" SHORTNAME="дп" DESC="Дачный поселок" UPDATEDATE="1900-01-01" STARTDATE="1900-01-01" ENDDATE="2015-11-05" ISACTIVE="true" /><ADDRESSOBJECTTYPE ID="31" LEVEL="5" NAME="Курортный поселок" SHORTNAME="кп" DESC="Курортный поселок" UPDATEDATE="1900-01-01" STARTDATE="1900-01-01" ENDDATE="2015-11-05" ISACTIVE="true" /><ADDRESSOBJECTTYPE ID="32" LEVEL="5" NAME="Массив" SHORTNAME="массив" DESC="Массив" UPDATEDATE="1900-01-01" STARTDATE="1900-01-01" ENDDATE="2015-11-05" ISACTIVE="true" /><ADDRESSOBJECTTYPE ID="33" LEVEL="5" NAME="Поселок" SHORTNAME="п" DESC="Поселок" UPDATEDATE="1900-01-01" STARTDATE="1900-01-01" ENDDATE="2015-11-05" ISACTIVE="true" /><ADDRESSOBJECTTYPE ID="35" LEVEL="5" NAME="Поселок городского типа" SHORTNAME="пгт" DESC="Поселок городского типа" UPDATEDATE="1900-01-01" STARTDATE="1900-01-01" ENDDATE="2015-11-05" ISACTIVE="true" /><ADDRESSOBJECTTYPE ID="36" LEVEL="5" NAME="Поселок городского типа" SHORTNAME="пгт." DESC="Поселок городского типа" UPDATEDATE="2015-11-05" STARTDATE="2015-11-05" ENDDATE="2079-06-06" ISACTIVE="true" /><ADDRESSOBJECTTYPE ID="34" LEVEL="5" NAME="Почтовое отделение" SHORTNAME="п/о" DESC="Почтовое отделение" UPDATEDATE="1900-01-01" STARTDATE="1900-01-01" ENDDATE="2015-11-05" ISACTIVE="true" /><ADDRESSOBJECTTYPE ID="37" LEVEL="5" NAME="Рабочий поселок" SHORTNAME="рп" DESC="Рабочий поселок" UPDATEDATE="1900-01-01" STARTDATE="1900-01-01" ENDDATE="2079-06-06" ISACTIVE="true" /><ADDRESSOBJECTTYPE ID="426" LEVEL="5" NAME="Село" SHORTNAME="с" DESC="Село" UPDATEDATE="2021-04-08" STARTDATE="2021-04-08" ENDDATE="2079-06-06" ISACTIVE="true" /><ADDRESSOBJECTTYPE ID="38" LEVEL="5" NAME="Сельская администрация" SHORTNAME="с/а" DESC="Сельская администрация" UPDATEDATE="1900-01-01" STARTDATE="1900-01-01" ENDDATE="2015-11-05" ISACTIVE="true" /><ADDRESSOBJECTTYPE ID="40" LEVEL="5" NAME="Сельский округ" SHORTNAME="с/о" DESC="Сельский округ" UPDATEDATE="1900-01-01" STARTDATE="1900-01-01" ENDDATE="2015-11-05" ISACTIVE="true" /><ADDRESSOBJECTTYPE ID="39" LEVEL="5" NAME="Сельское муницип.образование" SHORTNAME="с/мо" DESC="Сельское муниципальное образование" UPDATEDATE="1900-01-01" STARTDATE="1900-01-01" ENDDATE="2015-11-05" ISACTIVE="true" /><ADDRESSOBJECTTYPE ID="41" LEVEL="5" NAME="Сельское поселение" SHORTNAME="с/п" DESC="Сельское поселение" UPDATEDATE="1900-01-01" STARTDATE="1900-01-01" ENDDATE="2015-11-05" ISACTIVE="true" /><ADDRESSOBJECTTYPE ID="42" LEVEL="5" NAME="Сельсовет" SHORTNAME="с/с" DESC="Сельсовет" UPDATEDATE="1900-01-01" STARTDATE="1900-01-01" ENDDATE="2015-11-05" ISACTIVE="true" /><ADDRESSOBJECTTYPE ID="43" LEVEL="5" NAME="Территория" SHORTNAME="тер" DESC="Территория" UPDATEDATE="1900-01-01" STARTDATE="1900-01-01" ENDDATE="2015-11-05" ISACTIVE="true" /><ADDRESSOBJECTTYPE ID="46" LEVEL="6" NAME="Аал" SHORTNAME="аал" DESC="Аал" UPDATEDATE="1900-01-01" STARTDATE="1900-01-01" ENDDATE="2079-06-06" ISACTIVE="true" /><ADDRESSOBJECTTYPE ID="47" LEVEL="6" NAME="Автодорога" SHORTNAME="автодорога" DESC="Автодорога" UPDATEDATE="1900-01-01" STARTDATE="1900-01-01" ENDDATE="2015-12-31" ISACTIVE="true" /><ADDRESSOBJECTTYPE ID="48" LEVEL="6" NAME="Арбан" SHORTNAME="арбан" DESC="Арбан" UPDATEDATE="1900-01-01" STARTDATE="1900-01-01" ENDDATE="2079-06-06" ISACTIVE="true" /><ADDRESSOBJECTTYPE ID="49" LEVEL="6" NAME="Аул" SHORTNAME="аул" DESC="Аул" UPDATEDATE="1900-01-01" STARTDATE="1900-01-01" ENDDATE="2079-06-06" ISACTIVE="true" /><ADDRESSOBJECTTYPE ID="50" LEVEL="6" NAME="Волость" SHORTNAME="волость" DESC="Волость" UPDATEDATE="1900-01-01" STARTDATE="1900-01-01" ENDDATE="2015-11-05" ISACTIVE="true" /><ADDRESSOBJECTTYPE ID="51" LEVEL="6" NAME="Выселки(ок)" SHORTNAME="высел" DESC="Выселки(ок)" UPDATEDATE="1900-01-01" STARTDATE="1900-01-01" ENDDATE="2079-06-06" ISACTIVE="true" /><ADDRESSOBJECTTYPE ID="52" LEVEL="6" NAME="Город" SHORTNAME="г" DESC="Город" UPDATEDATE="1900-01-01" STARTDATE="1900-01-01" ENDDATE="2015-11-05" ISACTIVE="true" /><ADDRESSOBJECTTYPE ID="53" LEVEL="6" NAME="Городок" SHORTNAME="г-к" DESC="Городок" UPDATEDATE="1900-01-01" STARTDATE="1900-01-01" ENDDATE="2079-06-06" ISACTIVE="true" /><ADDRESSOBJECTTYPE ID="54" LEVEL="6" NAME="Городской поселок" SHORTNAME="гп" DESC="Городской поселок" UPDATEDATE="1900-01-01" STARTDATE="1900-01-01" ENDDATE="2079-06-06" ISACTIVE="true" /><ADDRESSOBJECTTYPE ID="57" LEVEL="6" NAME="Дачный поселок" SHORTNAME="дп." DESC="Дачный поселок" UPDATEDATE="1900-01-01" STARTDATE="1900-01-01" ENDDATE="2079-06-06" ISACTIVE="true" /><ADDRESSOBJECTTYPE ID="56" LEVEL="6" NAME="Дачный поселок" SHORTNAME="дп" DESC="Дачный поселок" UPDATEDATE="1900-01-01" STARTDATE="1900-01-01" ENDDATE="2019-02-14" ISACTIVE="true" /><ADDRESSOBJECTTYPE ID="55" LEVEL="6" NAME="Деревня" SHORTNAME="д" DESC="Деревня" UPDATEDATE="1900-01-01" STARTDATE="1900-01-01" ENDDATE="2079-06-06" ISACTIVE="true" /><ADDRESSOBJECTTYPE ID="69" LEVEL="6" NAME="ж/д останов. (обгонный) пункт" SHORTNAME="ж/д_оп" DESC="ж/д остановочный (обгонный) пункт" UPDATEDATE="1900-01-01" STARTDATE="1900-01-01" ENDDATE="2015-11-05" ISACTIVE="true" /><ADDRESSOBJECTTYPE ID="58" LEVEL="6" NAME="Железнодорожная будка" SHORTNAME="ж/д б-ка" DESC="Железнодорожная будка" UPDATEDATE="2015-11-05" STARTDATE="2015-11-05" ENDDATE="2079-06-06" ISACTIVE="true" /><ADDRESSOBJECTTYPE ID="67" LEVEL="6" NAME="Железнодорожная будка" SHORTNAME="ж/д_будка" DESC="Железнодорожная будка" UPDATEDATE="1900-01-01" STARTDATE="1900-01-01" ENDDATE="2015-11-05" ISACTIVE="true" /><ADDRESSOBJECTTYPE ID="60" LEVEL="6" NAME="Железнодорожная ветка" SHORTNAME="ж/д в-ка" DESC="Железнодорожная ветка" UPDATEDATE="2019-02-14" STARTDATE="2019-02-14" ENDDATE="2079-06-06" ISACTIVE="true" /><ADDRESSOBJECTTYPE ID="68" LEVEL="6" NAME="Железнодорожная казарма" SHORTNAME="ж/д_казарм" DESC="Железнодорожная казарма" UPDATEDATE="1900-01-01" STARTDATE="1900-01-01" ENDDATE="2019-02-14" ISACTIVE="true" /><ADDRESSOBJECTTYPE ID="61" LEVEL="6" NAME="Железнодорожная казарма" SHORTNAME="ж/д к-ма" DESC="Железнодорожная казарма" UPDATEDATE="2019-02-14" STARTDATE="2019-02-14" ENDDATE="2079-06-06" ISACTIVE="true" /><ADDRESSOBJECTTYPE ID="70" LEVEL="6" NAME="Железнодорожная платформа" SHORTNAME="ж/д_платф" DESC="Железнодорожная платформа" UPDATEDATE="1900-01-01" STARTDATE="1900-01-01" ENDDATE="2015-11-05" ISACTIVE="true" /><ADDRESSOBJECTTYPE ID="66" LEVEL="6" NAME="Железнодорожная платформа" SHORTNAME="ж/д пл-ма" DESC="Железнодорожная платформа" UPDATEDATE="2015-11-05" STARTDATE="2015-11-05" ENDDATE="2079-06-06" ISACTIVE="true" /><ADDRESSOBJECTTYPE ID="65" LEVEL="6" NAME="Железнодорожная площадка" SHORTNAME="ж/д пл-ка" DESC="Железнодорожная площадка" UPDATEDATE="1900-01-01" STARTDATE="1900-01-01" ENDDATE="2079-06-06" ISACTIVE="true" /><ADDRESSOBJECTTYPE ID="73" LEVEL="6" NAME="Железнодорожная станция" SHORTNAME="ж/д_ст" DESC="Железнодорожная станция" UPDATEDATE="1900-01-01" STARTDATE="1900-01-01" ENDDATE="2079-06-06" ISACTIVE="true" /><ADDRESSOBJECTTYPE ID="59" LEVEL="6" NAME="Железнодорожный блокпост" SHORTNAME="ж/д бл-ст" DESC="Железнодорожный блокпост" UPDATEDATE="2019-02-14" STARTDATE="2019-02-14" ENDDATE="2079-06-06" ISACTIVE="true" /><ADDRESSOBJECTTYPE ID="62" LEVEL="6" NAME="Железнодорожный комбинат" SHORTNAME="ж/д к-т" DESC="Железнодорожный комбинат" UPDATEDATE="2019-02-14" STARTDATE="2019-02-14" ENDDATE="2079-06-06" ISACTIVE="true" /><ADDRESSOBJECTTYPE ID="63" LEVEL="6" NAME="Железнодорожный остановочный пункт" SHORTNAME="ж/д о.п." DESC="Железнодорожный остановочный пункт" UPDATEDATE="2019-02-14" STARTDATE="2019-02-14" ENDDATE="2079-06-06" ISACTIVE="true" /><ADDRESSOBJECTTYPE ID="71" LEVEL="6" NAME="Железнодорожный пост" SHORTNAME="ж/д_пост" DESC="Железнодорожный пост" UPDATEDATE="1900-01-01" STARTDATE="1900-01-01" ENDDATE="2015-11-05" ISACTIVE="true" /><ADDRESSOBJECTTYPE ID="64" LEVEL="6" NAME="Железнодорожный путевой пост" SHORTNAME="ж/д п.п." DESC="Железнодорожный путевой пост" UPDATEDATE="2019-02-14" STARTDATE="2019-02-14" ENDDATE="2079-06-06" ISACTIVE="true" /><ADDRESSOBJECTTYPE ID="72" LEVEL="6" NAME="Железнодорожный разъезд" SHORTNAME="ж/д_рзд" DESC="Железнодорожный разъезд" UPDATEDATE="1900-01-01" STARTDATE="1900-01-01" ENDDATE="2079-06-06" ISACTIVE="true" /><ADDRESSOBJECTTYPE ID="74" LEVEL="6" NAME="Жилая зона" SHORTNAME="жилзона" DESC="Жилая зона" UPDATEDATE="1900-01-01" STARTDATE="1900-01-01" ENDDATE="2015-11-05" ISACTIVE="true" /><ADDRESSOBJECTTYPE ID="75" LEVEL="6" NAME="Жилой район" SHORTNAME="жилрайон" DESC="Жилой район" UPDATEDATE="1900-01-01" STARTDATE="1900-01-01" ENDDATE="2015-11-05" ISACTIVE="true" /><ADDRESSOBJECTTYPE ID="76" LEVEL="6" NAME="Заимка" SHORTNAME="заимка" DESC="Заимка" UPDATEDATE="1900-01-01" STARTDATE="1900-01-01" ENDDATE="2079-06-06" ISACTIVE="true" /><ADDRESSOBJECTTYPE ID="77" LEVEL="6" NAME="Зимовье" SHORTNAME="зим." DESC="Зимовье" UPDATEDATE="2019-02-14" STARTDATE="2019-02-14" ENDDATE="2079-06-06" ISACTIVE="true" /><ADDRESSOBJECTTYPE ID="78" LEVEL="6" NAME="Казарма" SHORTNAME="казарма" DESC="Казарма" UPDATEDATE="1900-01-01" STARTDATE="1900-01-01" ENDDATE="2015-11-05" ISACTIVE="true" /><ADDRESSOBJECTTYPE ID="79" LEVEL="6" NAME="Квартал" SHORTNAME="кв-л" DESC="Квартал" UPDATEDATE="1900-01-01" STARTDATE="1900-01-01" ENDDATE="2019-02-14" ISACTIVE="true" /><ADDRESSOBJECTTYPE ID="80" LEVEL="6" NAME="Кишлак" SHORTNAME="киш." DESC="Кишлак" UPDATEDATE="2019-02-14" STARTDATE="2019-02-14" ENDDATE="2079-06-06" ISACTIVE="true" /><ADDRESSOBJECTTYPE ID="81" LEVEL="6" NAME="Кордон" SHORTNAME="кордон" DESC="Кордон" UPDATEDATE="1900-01-01" STARTDATE="1900-01-01" ENDDATE="2015-11-05" ISACTIVE="true" /><ADDRESSOBJECTTYPE ID="82" LEVEL="6" NAME="Курортный поселок" SHORTNAME="кп" DESC="Курортный поселок" UPDATEDATE="1900-01-01" STARTDATE="1900-01-01" ENDDATE="2079-06-06" ISACTIVE="true" /><ADDRESSOBJECTTYPE ID="83" LEVEL="6" NAME="Леспромхоз" SHORTNAME="лпх" DESC="Леспромхоз" UPDATEDATE="1900-01-01" STARTDATE="1900-01-01" ENDDATE="2015-11-05" ISACTIVE="true" /><ADDRESSOBJECTTYPE ID="85" LEVEL="6" NAME="Массив" SHORTNAME="массив" DESC="Массив" UPDATEDATE="1900-01-01" STARTDATE="1900-01-01" ENDDATE="2015-11-05" ISACTIVE="true" /><ADDRESSOBJECTTYPE ID="84" LEVEL="6" NAME="Местечко" SHORTNAME="м" DESC="Местечко" UPDATEDATE="1900-01-01" STARTDATE="1900-01-01" ENDDATE="2079-06-06" ISACTIVE="true" /><ADDRESSOBJECTTYPE ID="86" LEVEL="6" NAME="Микрорайон" SHORTNAME="мкр" DESC="Микрорайон" UPDATEDATE="1900-01-01" STARTDATE="1900-01-01" ENDDATE="2019-02-14" ISACTIVE="true" /><ADDRESSOBJECTTYPE ID="87" LEVEL="6" NAME="Населенный пункт" SHORTNAME="нп" DESC="Населенный пункт" UPDATEDATE="1900-01-01" STARTDATE="1900-01-01" ENDDATE="2019-02-14" ISACTIVE="true" /><ADDRESSOBJECTTYPE ID="88" LEVEL="6" NAME="Населенный пункт" SHORTNAME="нп." DESC="Населенный пункт" UPDATEDATE="1900-01-01" STARTDATE="1900-01-01" ENDDATE="2079-06-06" ISACTIVE="true" /><ADDRESSOBJECTTYPE ID="89" LEVEL="6" NAME="Остров" SHORTNAME="остров" DESC="Остров" UPDATEDATE="1900-01-01" STARTDATE="1900-01-01" ENDDATE="2015-11-05" ISACTIVE="true" /><ADDRESSOBJECTTYPE ID="93" LEVEL="6" NAME="Планировочный район" SHORTNAME="пл.р-н" DESC="Планировочный район" UPDATEDATE="2020-08-11" STARTDATE="1900-01-01" ENDDATE="2015-11-05" ISACTIVE="true" /><ADDRESSOBJECTTYPE ID="97" LEVEL="6" NAME="Погост" SHORTNAME="погост" DESC="Погост" UPDATEDATE="1900-01-01" STARTDATE="1900-01-01" ENDDATE="2015-11-05" ISACTIVE="true" /><ADDRESSOBJECTTYPE ID="90" LEVEL="6" NAME="Поселок" SHORTNAME="п" DESC="Поселок" UPDATEDATE="1900-01-01" STARTDATE="1900-01-01" ENDDATE="2079-06-06" ISACTIVE="true" /><ADDRESSOBJECTTYPE ID="95" LEVEL="6" NAME="Поселок городского типа" SHORTNAME="пгт" DESC="Поселок городского типа" UPDATEDATE="1900-01-01" STARTDATE="1900-01-01" ENDDATE="2015-11-05" ISACTIVE="true" /><ADDRESSOBJECTTYPE ID="96" LEVEL="6" NAME="Поселок городского типа" SHORTNAME="пгт." DESC="Поселок городского типа" UPDATEDATE="2015-11-05" STARTDATE="2015-11-05" ENDDATE="2079-06-06" ISACTIVE="true" /><ADDRESSOBJECTTYPE ID="94" LEVEL="6" NAME="Поселок и(при) станция(и)" SHORTNAME="п/ст" DESC="Поселок и(при) станция(и)" UPDATEDATE="1900-01-01" STARTDATE="1900-01-01" ENDDATE="2015-11-05" ISACTIVE="false" /><ADDRESSOBJECTTYPE ID="91" LEVEL="6" NAME="Поселок при железнодорожной станции" SHORTNAME="п. ж/д ст." DESC="Поселок при железнодорожной станции" UPDATEDATE="2019-02-14" STARTDATE="2019-02-14" ENDDATE="2079-06-06" ISACTIVE="true" /><ADDRESSOBJECTTYPE ID="425" LEVEL="6" NAME="Поселок при станции (поселок станции)" SHORTNAME="п. ст." DESC="Поселок при станции (поселок станции)" UPDATEDATE="2020-10-15" STARTDATE="2015-11-05" ENDDATE="2079-06-06" ISACTIVE="true" /><ADDRESSOBJECTTYPE ID="98" LEVEL="6" NAME="Поселок разъезда" SHORTNAME="пос.рзд" DESC="Поселок разъезда" UPDATEDATE="1900-01-01" STARTDATE="1900-01-01" ENDDATE="2079-06-06" ISACTIVE="true" /><ADDRESSOBJECTTYPE ID="99" LEVEL="6" NAME="Починок" SHORTNAME="починок" DESC="Починок" UPDATEDATE="1900-01-01" STARTDATE="1900-01-01" ENDDATE="2079-06-06" ISACTIVE="true" /><ADDRESSOBJECTTYPE ID="92" LEVEL="6" NAME="Почтовое отделение" SHORTNAME="п/о" DESC="Почтовое отделение" UPDATEDATE="1900-01-01" STARTDATE="1900-01-01" ENDDATE="2015-11-05" ISACTIVE="true" /><ADDRESSOBJECTTYPE ID="100" LEVEL="6" NAME="Промышленная зона" SHORTNAME="промзона" DESC="Промышленная зона" UPDATEDATE="1900-01-01" STARTDATE="1900-01-01" ENDDATE="2015-11-05" ISACTIVE="true" /><ADDRESSOBJECTTYPE ID="102" LEVEL="6" NAME="Рабочий поселок" SHORTNAME="рп" DESC="Рабочий поселок" UPDATEDATE="1900-01-01" STARTDATE="1900-01-01" ENDDATE="2079-06-06" ISACTIVE="true" /><ADDRESSOBJECTTYPE ID="101" LEVEL="6" NAME="Разъезд" SHORTNAME="рзд" DESC="Разъезд" UPDATEDATE="1900-01-01" STARTDATE="1900-01-01" ENDDATE="2079-06-06" ISACTIVE="true" /><ADDRESSOBJECTTYPE ID="105" LEVEL="6" NAME="Садовое неком-е товарищество" SHORTNAME="снт" DESC="Садовое некоммерческое товарищество" UPDATEDATE="1900-01-01" STARTDATE="1900-01-01" ENDDATE="2019-02-14" ISACTIVE="true" /><ADDRESSOBJECTTYPE ID="103" LEVEL="6" NAME="Село" SHORTNAME="с" DESC="Село" UPDATEDATE="1900-01-01" STARTDATE="1900-01-01" ENDDATE="2079-06-06" ISACTIVE="true" /><ADDRESSOBJECTTYPE ID="106" LEVEL="6" NAME="Сельский поселок" SHORTNAME="сп" DESC="Сельский поселок" UPDATEDATE="1900-01-01" STARTDATE="1900-01-01" ENDDATE="2019-07-22" ISACTIVE="true" /><ADDRESSOBJECTTYPE ID="107" LEVEL="6" NAME="Сельский поселок" SHORTNAME="сп." DESC="Сельский поселок" UPDATEDATE="2019-07-22" STARTDATE="2019-07-22" ENDDATE="2079-06-06" ISACTIVE="true" /><ADDRESSOBJECTTYPE ID="104" LEVEL="6" NAME="Слобода" SHORTNAME="сл" DESC="Слобода" UPDATEDATE="1900-01-01" STARTDATE="1900-01-01" ENDDATE="2079-06-06" ISACTIVE="true" /><ADDRESSOBJECTTYPE ID="109" LEVEL="6" NAME="Станица" SHORTNAME="ст-ца" DESC="Станица" UPDATEDATE="1900-01-01" STARTDATE="1900-01-01" ENDDATE="2079-06-06" ISACTIVE="true" /><ADDRESSOBJECTTYPE ID="108" LEVEL="6" NAME="Станция" SHORTNAME="ст" DESC="Станция" UPDATEDATE="1900-01-01" STARTDATE="1900-01-01" ENDDATE="2079-06-06" ISACTIVE="true" /><ADDRESSOBJECTTYPE ID="110" LEVEL="6" NAME="Территория" SHORTNAME="тер" DESC="Территория" UPDATEDATE="1900-01-01" STARTDATE="1900-01-01" ENDDATE="2015-11-05" ISACTIVE="true" /><ADDRESSOBJECTTYPE ID="111" LEVEL="6" NAME="Улус" SHORTNAME="у" DESC="Улус" UPDATEDATE="1900-01-01" STARTDATE="1900-01-01" ENDDATE="2079-06-06" ISACTIVE="true" /><ADDRESSOBJECTTYPE ID="112" LEVEL="6" NAME="Хутор" SHORTNAME="х" DESC="Хутор" UPDATEDATE="1900-01-01" STARTDATE="1900-01-01" ENDDATE="2079-06-06" ISACTIVE="true" /><ADDRESSOBJECTTYPE ID="241" LEVEL="7" NAME="Аал" SHORTNAME="аал" DESC="Аал" UPDATEDATE="2015-11-05" STARTDATE="2015-11-05" ENDDATE="2017-02-14" ISACTIVE="true" /><ADDRESSOBJECTTYPE ID="240" LEVEL="7" NAME="Абонентский ящик" SHORTNAME="а/я" DESC="Абонентский ящик" UPDATEDATE="2015-11-05" STARTDATE="2015-11-05" ENDDATE="2017-02-14" ISACTIVE="true" /><ADDRESSOBJECTTYPE ID="242" LEVEL="7" NAME="Аллея" SHORTNAME="ал." DESC="Аллея" UPDATEDATE="2015-11-05" STARTDATE="2015-11-05" ENDDATE="2017-02-14" ISACTIVE="true" /><ADDRESSOBJECTTYPE ID="243" LEVEL="7" NAME="Арбан" SHORTNAME="арбан" DESC="Арбан" UPDATEDATE="2015-11-05" STARTDATE="2015-11-05" ENDDATE="2017-02-14" ISACTIVE="true" /><ADDRESSOBJECTTYPE ID="244" LEVEL="7" NAME="Аул" SHORTNAME="аул" DESC="Аул" UPDATEDATE="2015-11-05" STARTDATE="2015-11-05" ENDDATE="2017-02-14" ISACTIVE="true" /><ADDRESSOBJECTTYPE ID="245" LEVEL="7" NAME="Берег" SHORTNAME="б-г" DESC="Берег" UPDATEDATE="2015-11-05" STARTDATE="2015-11-05" ENDDATE="2018-12-14" ISACTIVE="true" /><ADDRESSOBJECTTYPE ID="246" LEVEL="7" NAME="Бульвар" SHORTNAME="б-р" DESC="Бульвар" UPDATEDATE="2015-11-05" STARTDATE="2015-11-05" ENDDATE="2017-02-14" ISACTIVE="true" /><ADDRESSOBJECTTYPE ID="247" LEVEL="7" NAME="Вал" SHORTNAME="вал" DESC="Вал" UPDATEDATE="2015-11-05" STARTDATE="2015-11-05" ENDDATE="2079-06-06" ISACTIVE="true" /><ADDRESSOBJECTTYPE ID="248" LEVEL="7" NAME="Въезд" SHORTNAME="взд." DESC="Въезд" UPDATEDATE="2015-11-05" STARTDATE="2015-11-05" ENDDATE="2017-02-14" ISACTIVE="true" /><ADDRESSOBJECTTYPE ID="250" LEVEL="7" NAME="Гаражно-строительный кооп." SHORTNAME="гск" DESC="Гаражно-строительный кооператив" UPDATEDATE="1900-01-01" STARTDATE="1900-01-01" ENDDATE="2017-02-14" ISACTIVE="true" /><ADDRESSOBJECTTYPE ID="249" LEVEL="7" NAME="Городок" SHORTNAME="г-к" DESC="Городок" UPDATEDATE="2015-11-05" STARTDATE="2015-11-05" ENDDATE="2017-02-14" ISACTIVE="true" /><ADDRESSOBJECTTYPE ID="252" LEVEL="7" NAME="Дачное неком-е партнерство" SHORTNAME="днп" DESC="Дачное некоммерческое партнерство" UPDATEDATE="1900-01-01" STARTDATE="1900-01-01" ENDDATE="2017-02-14" ISACTIVE="true" /><ADDRESSOBJECTTYPE ID="251" LEVEL="7" NAME="Деревня" SHORTNAME="д." DESC="Деревня" UPDATEDATE="2015-11-05" STARTDATE="2015-11-05" ENDDATE="2017-02-14" ISACTIVE="true" /><ADDRESSOBJECTTYPE ID="253" LEVEL="7" NAME="Дорога" SHORTNAME="дор." DESC="Дорога" UPDATEDATE="2015-11-05" STARTDATE="2015-11-05" ENDDATE="2017-02-14" ISACTIVE="true" /><ADDRESSOBJECTTYPE ID="254" LEVEL="7" NAME="Железнодорожная будка" SHORTNAME="ж/д б-ка" DESC="Железнодорожная будка" UPDATEDATE="2015-11-05" STARTDATE="2015-11-05" ENDDATE="2017-02-14" ISACTIVE="true" /><ADDRESSOBJECTTYPE ID="255" LEVEL="7" NAME="Железнодорожная казарма" SHORTNAME="ж/д к-ма" DESC="Железнодорожная казарма" UPDATEDATE="2015-11-05" STARTDATE="2015-11-05" ENDDATE="2017-02-14" ISACTIVE="true" /><ADDRESSOBJECTTYPE ID="256" LEVEL="7" NAME="Железнодорожная платформа" SHORTNAME="ж/д пл-ма" DESC="Железнодорожная платформа" UPDATEDATE="2015-11-05" STARTDATE="2015-11-05" ENDDATE="2017-02-14" ISACTIVE="true" /><ADDRESSOBJECTTYPE ID="258" LEVEL="7" NAME="Железнодорожная станция" SHORTNAME="ж/д ст." DESC="Железнодорожная станция" UPDATEDATE="2015-11-05" STARTDATE="2015-11-05" ENDDATE="2017-02-14" ISACTIVE="true" /><ADDRESSOBJECTTYPE ID="257" LEVEL="7" NAME="Железнодорожный разъезд" SHORTNAME="ж/д рзд." DESC="Железнодорожный разъезд" UPDATEDATE="2015-11-05" STARTDATE="2015-11-05" ENDDATE="2017-02-14" ISACTIVE="true" /><ADDRESSOBJECTTYPE ID="259" LEVEL="7" NAME="Жилой район" SHORTNAME="ж/р" DESC="Жилой район" UPDATEDATE="2015-11-05" STARTDATE="2015-11-05" ENDDATE="2018-12-14" ISACTIVE="true" /><ADDRESSOBJECTTYPE ID="260" LEVEL="7" NAME="Заезд" SHORTNAME="ззд." DESC="Заезд" UPDATEDATE="2015-11-05" STARTDATE="2015-11-05" ENDDATE="2017-02-14" ISACTIVE="true" /><ADDRESSOBJECTTYPE ID="261" LEVEL="7" NAME="Зона (массив)" SHORTNAME="зона" DESC="Зона (массив)" UPDATEDATE="2015-11-05" STARTDATE="2015-11-05" ENDDATE="2079-06-06" ISACTIVE="true" /><ADDRESSOBJECTTYPE ID="262" LEVEL="7" NAME="Квартал" SHORTNAME="кв-л" DESC="Квартал" UPDATEDATE="2015-11-05" STARTDATE="2015-11-05" ENDDATE="2079-06-06" ISACTIVE="true" /><ADDRESSOBJECTTYPE ID="263" LEVEL="7" NAME="Километр" SHORTNAME="км" DESC="Километр" UPDATEDATE="2015-11-05" STARTDATE="2015-11-05" ENDDATE="2017-02-14" ISACTIVE="true" /><ADDRESSOBJECTTYPE ID="265" LEVEL="7" NAME="Кольцо" SHORTNAME="к-цо" DESC="Кольцо" UPDATEDATE="2015-11-05" STARTDATE="2015-11-05" ENDDATE="2017-02-14" ISACTIVE="true" /><ADDRESSOBJECTTYPE ID="264" LEVEL="7" NAME="Коса" SHORTNAME="коса" DESC="Коса" UPDATEDATE="2015-11-05" STARTDATE="2015-11-05" ENDDATE="2017-02-14" ISACTIVE="true" /><ADDRESSOBJECTTYPE ID="266" LEVEL="7" NAME="Линия" SHORTNAME="лн." DESC="Линия" UPDATEDATE="2015-11-05" STARTDATE="2015-11-05" ENDDATE="2017-02-14" ISACTIVE="true" /><ADDRESSOBJECTTYPE ID="269" LEVEL="7" NAME="Местечко" SHORTNAME="м-ко" DESC="Местечко" UPDATEDATE="2015-11-05" STARTDATE="2015-11-05" ENDDATE="2017-02-14" ISACTIVE="true" /><ADDRESSOBJECTTYPE ID="267" LEVEL="7" NAME="Местность" SHORTNAME="местность" DESC="Местность" UPDATEDATE="1900-01-01" STARTDATE="1900-01-01" ENDDATE="2017-02-14" ISACTIVE="true" /><ADDRESSOBJECTTYPE ID="268" LEVEL="7" NAME="Месторождение" SHORTNAME="месторожд." DESC="Месторождение" UPDATEDATE="1900-01-01" STARTDATE="1900-01-01" ENDDATE="2018-12-14" ISACTIVE="true" /><ADDRESSOBJECTTYPE ID="272" LEVEL="7" NAME="Месторождение" SHORTNAME="мр." DESC="Месторождение" UPDATEDATE="2019-02-14" STARTDATE="2019-02-14" ENDDATE="2079-06-06" ISACTIVE="true" /><ADDRESSOBJECTTYPE ID="270" LEVEL="7" NAME="Микрорайон" SHORTNAME="мкр" DESC="Микрорайон" UPDATEDATE="1900-01-01" STARTDATE="1900-01-01" ENDDATE="2017-02-15" ISACTIVE="true" /><ADDRESSOBJECTTYPE ID="271" LEVEL="7" NAME="Микрорайон" SHORTNAME="мкр." DESC="Микрорайон" UPDATEDATE="2015-11-05" STARTDATE="2015-11-05" ENDDATE="2079-06-06" ISACTIVE="true" /><ADDRESSOBJECTTYPE ID="274" LEVEL="7" NAME="Набережная" SHORTNAME="наб." DESC="Набережная" UPDATEDATE="2015-11-05" STARTDATE="2015-11-05" ENDDATE="2079-06-06" ISACTIVE="true" /><ADDRESSOBJECTTYPE ID="273" LEVEL="7" NAME="Некоммерческое партнерство" SHORTNAME="н/п" DESC="Некоммерческое партнерство" UPDATEDATE="1900-01-01" STARTDATE="1900-01-01" ENDDATE="2017-02-14" ISACTIVE="true" /><ADDRESSOBJECTTYPE ID="275" LEVEL="7" NAME="Остров" SHORTNAME="ост-в" DESC="Остров" UPDATEDATE="2015-11-05" STARTDATE="2015-11-05" ENDDATE="2079-06-06" ISACTIVE="true" /><ADDRESSOBJECTTYPE ID="278" LEVEL="7" NAME="Парк" SHORTNAME="парк" DESC="Парк" UPDATEDATE="2015-11-05" STARTDATE="2015-11-05" ENDDATE="2079-06-06" ISACTIVE="true" /><ADDRESSOBJECTTYPE ID="280" LEVEL="7" NAME="Переезд" SHORTNAME="пер-д" DESC="Переезд" UPDATEDATE="2015-11-05" STARTDATE="2015-11-05" ENDDATE="2017-02-14" ISACTIVE="true" /><ADDRESSOBJECTTYPE ID="279" LEVEL="7" NAME="Переулок" SHORTNAME="пер." DESC="Переулок" UPDATEDATE="2015-11-05" STARTDATE="2015-11-05" ENDDATE="2017-02-14" ISACTIVE="true" /><ADDRESSOBJECTTYPE ID="283" LEVEL="7" NAME="Платформа" SHORTNAME="платф." DESC="Платформа" UPDATEDATE="2015-11-05" STARTDATE="2015-11-05" ENDDATE="2018-12-14" ISACTIVE="true" /><ADDRESSOBJECTTYPE ID="284" LEVEL="7" NAME="Площадка" SHORTNAME="пл-ка" DESC="Площадка" UPDATEDATE="2015-11-05" STARTDATE="2015-11-05" ENDDATE="2017-02-14" ISACTIVE="true" /><ADDRESSOBJECTTYPE ID="282" LEVEL="7" NAME="Площадь" SHORTNAME="пл." DESC="Площадь" UPDATEDATE="2015-11-05" STARTDATE="2015-11-05" ENDDATE="2017-02-14" ISACTIVE="true" /><ADDRESSOBJECTTYPE ID="285" LEVEL="7" NAME="Порт" SHORTNAME="порт" DESC="Порт" UPDATEDATE="1900-01-01" STARTDATE="1900-01-01" ENDDATE="2079-06-06" ISACTIVE="true" /><ADDRESSOBJECTTYPE ID="276" LEVEL="7" NAME="Поселок" SHORTNAME="п." DESC="Поселок" UPDATEDATE="2015-11-05" STARTDATE="2015-11-05" ENDDATE="2017-02-14" ISACTIVE="true" /><ADDRESSOBJECTTYPE ID="281" LEVEL="7" NAME="Починок" SHORTNAME="п-к" DESC="Починок" UPDATEDATE="2015-11-05" STARTDATE="2015-11-05" ENDDATE="2017-02-14" ISACTIVE="true" /><ADDRESSOBJECTTYPE ID="286" LEVEL="7" NAME="Проезд" SHORTNAME="пр-д" DESC="Проезд" UPDATEDATE="2015-11-05" STARTDATE="2015-11-05" ENDDATE="2017-02-14" ISACTIVE="true" /><ADDRESSOBJECTTYPE ID="291" LEVEL="7" NAME="Промышленная зона" SHORTNAME="промзона" DESC="Промышленная зона" UPDATEDATE="1900-01-01" STARTDATE="1900-01-01" ENDDATE="2017-02-14" ISACTIVE="true" /><ADDRESSOBJECTTYPE ID="277" LEVEL="7" NAME="Промышленный район" SHORTNAME="п/р" DESC="Промышленный район" UPDATEDATE="2015-11-05" STARTDATE="2015-11-05" ENDDATE="2018-12-14" ISACTIVE="true" /><ADDRESSOBJECTTYPE ID="287" LEVEL="7" NAME="Просек" SHORTNAME="пр-к" DESC="Просек" UPDATEDATE="2015-11-05" STARTDATE="2015-11-05" ENDDATE="2017-02-14" ISACTIVE="true" /><ADDRESSOBJECTTYPE ID="288" LEVEL="7" NAME="Просека" SHORTNAME="пр-ка" DESC="Просека" UPDATEDATE="2015-11-05" STARTDATE="2015-11-05" ENDDATE="2017-02-14" ISACTIVE="true" /><ADDRESSOBJECTTYPE ID="290" LEVEL="7" NAME="Проселок" SHORTNAME="пр-лок" DESC="Проселок" UPDATEDATE="2015-11-05" STARTDATE="2015-11-05" ENDDATE="2017-02-14" ISACTIVE="true" /><ADDRESSOBJECTTYPE ID="289" LEVEL="7" NAME="Проспект" SHORTNAME="пр-кт" DESC="Проспект" UPDATEDATE="2015-11-05" STARTDATE="2015-11-05" ENDDATE="2017-02-14" ISACTIVE="true" /><ADDRESSOBJECTTYPE ID="292" LEVEL="7" NAME="Проулок" SHORTNAME="проул." DESC="Проулок" UPDATEDATE="2015-11-05" STARTDATE="2015-11-05" ENDDATE="2017-02-14" ISACTIVE="true" /><ADDRESSOBJECTTYPE ID="293" LEVEL="7" NAME="Разъезд" SHORTNAME="рзд." DESC="Разъезд" UPDATEDATE="2015-11-05" STARTDATE="2015-11-05" ENDDATE="2017-02-14" ISACTIVE="true" /><ADDRESSOBJECTTYPE ID="294" LEVEL="7" NAME="Район" SHORTNAME="р-н" DESC="Район" UPDATEDATE="2015-11-05" STARTDATE="2015-11-05" ENDDATE="2079-06-06" ISACTIVE="true" /><ADDRESSOBJECTTYPE ID="296" LEVEL="7" NAME="Сад" SHORTNAME="сад" DESC="Сад" UPDATEDATE="1900-01-01" STARTDATE="1900-01-01" ENDDATE="2079-06-06" ISACTIVE="true" /><ADDRESSOBJECTTYPE ID="300" LEVEL="7" NAME="Садовое товарищество" SHORTNAME="снт" DESC="Садовое товарищество" UPDATEDATE="1900-01-01" STARTDATE="1900-01-01" ENDDATE="2017-02-14" ISACTIVE="true" /><ADDRESSOBJECTTYPE ID="295" LEVEL="7" NAME="Село" SHORTNAME="с." DESC="Село" UPDATEDATE="2015-11-05" STARTDATE="2015-11-05" ENDDATE="2017-02-14" ISACTIVE="true" /><ADDRESSOBJECTTYPE ID="301" LEVEL="7" NAME="Сквер" SHORTNAME="с-р" DESC="Сквер" UPDATEDATE="2015-11-05" STARTDATE="2015-11-05" ENDDATE="2017-02-14" ISACTIVE="true" /><ADDRESSOBJECTTYPE ID="298" LEVEL="7" NAME="Сквер" SHORTNAME="сквер" DESC="Сквер" UPDATEDATE="2015-11-05" STARTDATE="2015-11-05" ENDDATE="2079-06-06" ISACTIVE="true" /><ADDRESSOBJECTTYPE ID="299" LEVEL="7" NAME="Слобода" SHORTNAME="сл." DESC="Слобода" UPDATEDATE="2015-11-05" STARTDATE="2015-11-05" ENDDATE="2017-02-14" ISACTIVE="true" /><ADDRESSOBJECTTYPE ID="297" LEVEL="7" NAME="Спуск" SHORTNAME="с-к" DESC="Спуск" UPDATEDATE="2015-11-05" STARTDATE="2015-11-05" ENDDATE="2017-02-14" ISACTIVE="true" /><ADDRESSOBJECTTYPE ID="302" LEVEL="7" NAME="Станция" SHORTNAME="ст." DESC="Станция" UPDATEDATE="2015-11-05" STARTDATE="2015-11-05" ENDDATE="2017-02-14" ISACTIVE="true" /><ADDRESSOBJECTTYPE ID="303" LEVEL="7" NAME="Строение" SHORTNAME="стр." DESC="Строение" UPDATEDATE="2015-11-05" STARTDATE="2015-11-05" ENDDATE="2017-02-14" ISACTIVE="true" /><ADDRESSOBJECTTYPE ID="305" LEVEL="7" NAME="Территория" SHORTNAME="тер." DESC="Территория" UPDATEDATE="2015-11-05" STARTDATE="2015-11-05" ENDDATE="2079-06-06" ISACTIVE="true" /><ADDRESSOBJECTTYPE ID="304" LEVEL="7" NAME="Территория" SHORTNAME="тер" DESC="Территория" UPDATEDATE="1900-01-01" STARTDATE="1900-01-01" ENDDATE="2017-02-15" ISACTIVE="true" /><ADDRESSOBJECTTYPE ID="306" LEVEL="7" NAME="Территория ГСК" SHORTNAME="тер. ГСК" DESC="Территория ГСК" UPDATEDATE="2015-11-05" STARTDATE="2015-11-05" ENDDATE="2018-12-14" ISACTIVE="true" /><ADDRESSOBJECTTYPE ID="307" LEVEL="7" NAME="Территория ДНО" SHORTNAME="тер. ДНО" DESC="Территория дачных некоммерческих объединений граждан" UPDATEDATE="2015-11-05" STARTDATE="2015-11-05" ENDDATE="2019-02-14" ISACTIVE="true" /><ADDRESSOBJECTTYPE ID="308" LEVEL="7" NAME="Территория ДНП" SHORTNAME="тер. ДНП" DESC="Территория дачных некоммерческих партнерств" UPDATEDATE="2015-11-05" STARTDATE="2015-11-05" ENDDATE="2019-02-14" ISACTIVE="true" /><ADDRESSOBJECTTYPE ID="309" LEVEL="7" NAME="Территория ДНТ" SHORTNAME="тер. ДНТ" DESC="Территория дачных некоммерческих товариществ" UPDATEDATE="2015-11-05" STARTDATE="2015-11-05" ENDDATE="2019-02-14" ISACTIVE="true" /><ADDRESSOBJECTTYPE ID="310" LEVEL="7" NAME="Территория ДПК" SHORTNAME="тер. ДПК" DESC="Территория дачных потребительских кооперативов" UPDATEDATE="2015-11-05" STARTDATE="2015-11-05" ENDDATE="2019-02-14" ISACTIVE="true" /><ADDRESSOBJECTTYPE ID="311" LEVEL="7" NAME="Территория ОНО" SHORTNAME="тер. ОНО" DESC="Территория огороднических некоммерческих объединений граждан" UPDATEDATE="2015-11-05" STARTDATE="2015-11-05" ENDDATE="2019-02-14" ISACTIVE="true" /><ADDRESSOBJECTTYPE ID="312" LEVEL="7" NAME="Территория ОНП" SHORTNAME="тер. ОНП" DESC="Территория огороднических некоммерческих партнерств" UPDATEDATE="2015-11-05" STARTDATE="2015-11-05" ENDDATE="2019-02-14" ISACTIVE="true" /><ADDRESSOBJECTTYPE ID="313" LEVEL="7" NAME="Территория ОНТ" SHORTNAME="тер. ОНТ" DESC="Территория огороднического некоммерческого товарищества" UPDATEDATE="2015-11-05" STARTDATE="2015-11-05" ENDDATE="2079-06-06" ISACTIVE="true" /><ADDRESSOBJECTTYPE ID="314" LEVEL="7" NAME="Территория ОПК" SHORTNAME="тер. ОПК" DESC="Территория огороднических потребительских кооперативов" UPDATEDATE="2015-11-05" STARTDATE="2015-11-05" ENDDATE="2019-02-14" ISACTIVE="true" /><ADDRESSOBJECTTYPE ID="315" LEVEL="7" NAME="Территория ПК" SHORTNAME="тер. ПК" DESC="Территория потребительского кооператива" UPDATEDATE="2019-02-14" STARTDATE="2019-02-14" ENDDATE="2079-06-06" ISACTIVE="true" /><ADDRESSOBJECTTYPE ID="316" LEVEL="7" NAME="Территория СНО" SHORTNAME="тер. СНО" DESC="Территория садоводческих некоммерческих объединений граждан" UPDATEDATE="2015-11-05" STARTDATE="2015-11-05" ENDDATE="2019-02-14" ISACTIVE="true" /><ADDRESSOBJECTTYPE ID="317" LEVEL="7" NAME="Территория СНП" SHORTNAME="тер. СНП" DESC="Территория садоводческих некоммерческих партнерств" UPDATEDATE="2015-11-05" STARTDATE="2015-11-05" ENDDATE="2019-02-14" ISACTIVE="true" /><ADDRESSOBJECTTYPE ID="318" LEVEL="7" NAME="Территория СНТ" SHORTNAME="тер. СНТ" DESC="Территория садоводческого некоммерческого товарищества" UPDATEDATE="2015-11-05" STARTDATE="2015-11-05" ENDDATE="2079-06-06" ISACTIVE="true" /><ADDRESSOBJECTTYPE ID="322" LEVEL="7" NAME="Территория СОСН" SHORTNAME="тер.СОСН" DESC="Территория ведения гражданами садоводства или огородничества для собственных нужд" UPDATEDATE="2019-01-01" STARTDATE="2019-01-01" ENDDATE="2079-06-06" ISACTIVE="true" /><ADDRESSOBJECTTYPE ID="319" LEVEL="7" NAME="Территория СПК" SHORTNAME="тер. СПК" DESC="Территория садоводческих потребительских кооперативов" UPDATEDATE="2015-11-05" STARTDATE="2015-11-05" ENDDATE="2019-02-14" ISACTIVE="true" /><ADDRESSOBJECTTYPE ID="320" LEVEL="7" NAME="Территория ТСЖ" SHORTNAME="тер. ТСЖ" DESC="Территория товарищества собственников жилья" UPDATEDATE="2019-02-14" STARTDATE="2019-02-14" ENDDATE="2079-06-06" ISACTIVE="true" /><ADDRESSOBJECTTYPE ID="321" LEVEL="7" NAME="Территория ТСН" SHORTNAME="тер. ТСН" DESC="Территория товарищества собственников недвижимости" UPDATEDATE="2015-11-05" STARTDATE="2015-11-05" ENDDATE="2079-06-06" ISACTIVE="true" /><ADDRESSOBJECTTYPE ID="323" LEVEL="7" NAME="Территория ФХ" SHORTNAME="тер.ф.х." DESC="Территория ФХ" UPDATEDATE="2015-11-05" STARTDATE="2015-11-05" ENDDATE="2018-12-14" ISACTIVE="true" /><ADDRESSOBJECTTYPE ID="324" LEVEL="7" NAME="Тракт" SHORTNAME="тракт" DESC="Тракт" UPDATEDATE="2015-11-05" STARTDATE="2015-11-05" ENDDATE="2017-02-14" ISACTIVE="true" /><ADDRESSOBJECTTYPE ID="325" LEVEL="7" NAME="Тупик" SHORTNAME="туп." DESC="Тупик" UPDATEDATE="2015-11-05" STARTDATE="2015-11-05" ENDDATE="2017-02-14" ISACTIVE="true" /><ADDRESSOBJECTTYPE ID="326" LEVEL="7" NAME="Улица" SHORTNAME="ул." DESC="Улица" UPDATEDATE="2015-11-05" STARTDATE="2015-11-05" ENDDATE="2017-02-14" ISACTIVE="true" /><ADDRESSOBJECTTYPE ID="327" LEVEL="7" NAME="Усадьба" SHORTNAME="ус." DESC="Усадьба" UPDATEDATE="2015-11-05" STARTDATE="2015-11-05" ENDDATE="2018-12-14" ISACTIVE="true" /><ADDRESSOBJECTTYPE ID="328" LEVEL="7" NAME="Фермерское хозяйство" SHORTNAME="ф/х" DESC="Фермерское хозяйство" UPDATEDATE="1900-01-01" STARTDATE="1900-01-01" ENDDATE="2017-02-14" ISACTIVE="true" /><ADDRESSOBJECTTYPE ID="329" LEVEL="7" NAME="Хутор" SHORTNAME="х." DESC="Хутор" UPDATEDATE="2015-11-05" STARTDATE="2015-11-05" ENDDATE="2017-02-14" ISACTIVE="true" /><ADDRESSOBJECTTYPE ID="330" LEVEL="7" NAME="Шоссе" SHORTNAME="ш." DESC="Шоссе" UPDATEDATE="2015-11-05" STARTDATE="2015-11-05" ENDDATE="2017-02-14" ISACTIVE="true" /><ADDRESSOBJECTTYPE ID="331" LEVEL="7" NAME="Юрты" SHORTNAME="ю." DESC="Юрты" UPDATEDATE="2015-11-05" STARTDATE="2015-11-05" ENDDATE="2079-06-06" ISACTIVE="true" /><ADDRESSOBJECTTYPE ID="113" LEVEL="8" NAME="Абонентский ящик" SHORTNAME="а/я" DESC="Абонентский ящик" UPDATEDATE="1900-01-01" STARTDATE="1900-01-01" ENDDATE="2015-11-05" ISACTIVE="true" /><ADDRESSOBJECTTYPE ID="115" LEVEL="8" NAME="Аллея" SHORTNAME="аллея" DESC="Аллея" UPDATEDATE="1900-01-01" STARTDATE="1900-01-01" ENDDATE="2015-11-05" ISACTIVE="true" /><ADDRESSOBJECTTYPE ID="114" LEVEL="8" NAME="Аллея" SHORTNAME="ал." DESC="Аллея" UPDATEDATE="2015-11-05" STARTDATE="2015-11-05" ENDDATE="2079-06-06" ISACTIVE="true" /><ADDRESSOBJECTTYPE ID="116" LEVEL="8" NAME="Балка" SHORTNAME="балка" DESC="Балка" UPDATEDATE="1900-01-01" STARTDATE="1900-01-01" ENDDATE="2015-11-05" ISACTIVE="true" /><ADDRESSOBJECTTYPE ID="117" LEVEL="8" NAME="Берег" SHORTNAME="берег" DESC="Берег" UPDATEDATE="1900-01-01" STARTDATE="1900-01-01" ENDDATE="2015-11-05" ISACTIVE="true" /><ADDRESSOBJECTTYPE ID="119" LEVEL="8" NAME="Бугор" SHORTNAME="бугор" DESC="Бугор" UPDATEDATE="1900-01-01" STARTDATE="1900-01-01" ENDDATE="2015-11-05" ISACTIVE="true" /><ADDRESSOBJECTTYPE ID="118" LEVEL="8" NAME="Бульвар" SHORTNAME="б-р" DESC="Бульвар" UPDATEDATE="1900-01-01" STARTDATE="1900-01-01" ENDDATE="2079-06-06" ISACTIVE="true" /><ADDRESSOBJECTTYPE ID="120" LEVEL="8" NAME="Вал" SHORTNAME="вал" DESC="Вал" UPDATEDATE="1900-01-01" STARTDATE="1900-01-01" ENDDATE="2015-11-05" ISACTIVE="true" /><ADDRESSOBJECTTYPE ID="121" LEVEL="8" NAME="Взвоз" SHORTNAME="взв." DESC="Взвоз" UPDATEDATE="2015-11-05" STARTDATE="2015-11-05" ENDDATE="2018-11-09" ISACTIVE="true" /><ADDRESSOBJECTTYPE ID="122" LEVEL="8" NAME="Въезд" SHORTNAME="въезд" DESC="Въезд" UPDATEDATE="1900-01-01" STARTDATE="1900-01-01" ENDDATE="2015-11-05" ISACTIVE="true" /><ADDRESSOBJECTTYPE ID="124" LEVEL="8" NAME="Гаражно-строительный кооп." SHORTNAME="гск" DESC="Гаражно-строительный кооператив" UPDATEDATE="1900-01-01" STARTDATE="1900-01-01" ENDDATE="2018-11-09" ISACTIVE="true" /><ADDRESSOBJECTTYPE ID="123" LEVEL="8" NAME="Городок" SHORTNAME="г-к" DESC="Городок" UPDATEDATE="1900-01-01" STARTDATE="1900-01-01" ENDDATE="2015-11-05" ISACTIVE="true" /><ADDRESSOBJECTTYPE ID="126" LEVEL="8" NAME="Дачное неком-е партнерство" SHORTNAME="днп" DESC="Дачное некоммерческое партнерство" UPDATEDATE="1900-01-01" STARTDATE="1900-01-01" ENDDATE="2015-11-05" ISACTIVE="true" /><ADDRESSOBJECTTYPE ID="125" LEVEL="8" NAME="Деревня" SHORTNAME="д" DESC="Деревня" UPDATEDATE="1900-01-01" STARTDATE="1900-01-01" ENDDATE="2015-11-05" ISACTIVE="true" /><ADDRESSOBJECTTYPE ID="127" LEVEL="8" NAME="Дорога" SHORTNAME="дор" DESC="Дорога" UPDATEDATE="1900-01-01" STARTDATE="1900-01-01" ENDDATE="2018-11-09" ISACTIVE="true" /><ADDRESSOBJECTTYPE ID="130" LEVEL="8" NAME="ж/д останов. (обгонный) пункт" SHORTNAME="ж/д_оп" DESC="ж/д остановочный (обгонный) пункт" UPDATEDATE="1900-01-01" STARTDATE="1900-01-01" ENDDATE="2015-11-05" ISACTIVE="true" /><ADDRESSOBJECTTYPE ID="128" LEVEL="8" NAME="Железнодорожная будка" SHORTNAME="ж/д_будка" DESC="Железнодорожная будка" UPDATEDATE="1900-01-01" STARTDATE="1900-01-01" ENDDATE="2015-11-05" ISACTIVE="true" /><ADDRESSOBJECTTYPE ID="129" LEVEL="8" NAME="Железнодорожная казарма" SHORTNAME="ж/д_казарм" DESC="Железнодорожная казарма" UPDATEDATE="1900-01-01" STARTDATE="1900-01-01" ENDDATE="2015-11-05" ISACTIVE="true" /><ADDRESSOBJECTTYPE ID="131" LEVEL="8" NAME="Железнодорожная платформа" SHORTNAME="ж/д_платф" DESC="Железнодорожная платформа" UPDATEDATE="1900-01-01" STARTDATE="1900-01-01" ENDDATE="2015-11-05" ISACTIVE="true" /><ADDRESSOBJECTTYPE ID="134" LEVEL="8" NAME="Железнодорожная станция" SHORTNAME="ж/д_ст" DESC="Железнодорожная станция" UPDATEDATE="1900-01-01" STARTDATE="1900-01-01" ENDDATE="2015-11-05" ISACTIVE="true" /><ADDRESSOBJECTTYPE ID="132" LEVEL="8" NAME="Железнодорожный пост" SHORTNAME="ж/д_пост" DESC="Железнодорожный пост" UPDATEDATE="1900-01-01" STARTDATE="1900-01-01" ENDDATE="2015-11-05" ISACTIVE="true" /><ADDRESSOBJECTTYPE ID="133" LEVEL="8" NAME="Железнодорожный разъезд" SHORTNAME="ж/д_рзд" DESC="Железнодорожный разъезд" UPDATEDATE="1900-01-01" STARTDATE="1900-01-01" ENDDATE="2015-11-05" ISACTIVE="true" /><ADDRESSOBJECTTYPE ID="135" LEVEL="8" NAME="Животноводческая точка" SHORTNAME="жт" DESC="Животноводческая точка" UPDATEDATE="1900-01-01" STARTDATE="1900-01-01" ENDDATE="2015-11-05" ISACTIVE="true" /><ADDRESSOBJECTTYPE ID="136" LEVEL="8" NAME="Заезд" SHORTNAME="заезд" DESC="Заезд" UPDATEDATE="1900-01-01" STARTDATE="1900-01-01" ENDDATE="2015-11-05" ISACTIVE="true" /><ADDRESSOBJECTTYPE ID="137" LEVEL="8" NAME="Заезд" SHORTNAME="ззд." DESC="Заезд" UPDATEDATE="2015-11-05" STARTDATE="2015-11-05" ENDDATE="2018-11-09" ISACTIVE="true" /><ADDRESSOBJECTTYPE ID="138" LEVEL="8" NAME="Зона" SHORTNAME="зона" DESC="Зона" UPDATEDATE="1900-01-01" STARTDATE="1900-01-01" ENDDATE="2015-11-05" ISACTIVE="true" /><ADDRESSOBJECTTYPE ID="139" LEVEL="8" NAME="Казарма" SHORTNAME="казарма" DESC="Казарма" UPDATEDATE="1900-01-01" STARTDATE="1900-01-01" ENDDATE="2015-11-05" ISACTIVE="true" /><ADDRESSOBJECTTYPE ID="140" LEVEL="8" NAME="Квартал" SHORTNAME="кв-л" DESC="Квартал" UPDATEDATE="1900-01-01" STARTDATE="1900-01-01" ENDDATE="2018-11-09" ISACTIVE="true" /><ADDRESSOBJECTTYPE ID="141" LEVEL="8" NAME="Километр" SHORTNAME="км" DESC="Километр" UPDATEDATE="1900-01-01" STARTDATE="1900-01-01" ENDDATE="2079-06-06" ISACTIVE="true" /><ADDRESSOBJECTTYPE ID="144" LEVEL="8" NAME="Кольцо" SHORTNAME="к-цо" DESC="Кольцо" UPDATEDATE="2015-11-05" STARTDATE="2015-11-05" ENDDATE="2018-11-09" ISACTIVE="true" /><ADDRESSOBJECTTYPE ID="142" LEVEL="8" NAME="Кольцо" SHORTNAME="кольцо" DESC="Кольцо" UPDATEDATE="1900-01-01" STARTDATE="1900-01-01" ENDDATE="2015-11-05" ISACTIVE="true" /><ADDRESSOBJECTTYPE ID="143" LEVEL="8" NAME="Коса" SHORTNAME="коса" DESC="Коса" UPDATEDATE="1900-01-01" STARTDATE="1900-01-01" ENDDATE="2018-11-09" ISACTIVE="true" /><ADDRESSOBJECTTYPE ID="146" LEVEL="8" NAME="Линия" SHORTNAME="лн." DESC="Линия" UPDATEDATE="2015-11-05" STARTDATE="2015-11-05" ENDDATE="2018-11-09" ISACTIVE="true" /><ADDRESSOBJECTTYPE ID="145" LEVEL="8" NAME="Линия" SHORTNAME="линия" DESC="Линия" UPDATEDATE="1900-01-01" STARTDATE="1900-01-01" ENDDATE="2015-11-05" ISACTIVE="true" /><ADDRESSOBJECTTYPE ID="149" LEVEL="8" NAME="Магистраль" SHORTNAME="мгстр." DESC="Магистраль" UPDATEDATE="2015-11-05" STARTDATE="2015-11-05" ENDDATE="2079-06-06" ISACTIVE="true" /><ADDRESSOBJECTTYPE ID="148" LEVEL="8" NAME="Маяк" SHORTNAME="маяк" DESC="Маяк" UPDATEDATE="1900-01-01" STARTDATE="1900-01-01" ENDDATE="2015-11-05" ISACTIVE="true" /><ADDRESSOBJECTTYPE ID="147" LEVEL="8" NAME="Местечко" SHORTNAME="м" DESC="Местечко" UPDATEDATE="1900-01-01" STARTDATE="1900-01-01" ENDDATE="2015-11-05" ISACTIVE="true" /><ADDRESSOBJECTTYPE ID="150" LEVEL="8" NAME="Местность" SHORTNAME="местность" DESC="Местность" UPDATEDATE="1900-01-01" STARTDATE="1900-01-01" ENDDATE="2015-11-05" ISACTIVE="true" /><ADDRESSOBJECTTYPE ID="151" LEVEL="8" NAME="Микрорайон" SHORTNAME="мкр" DESC="Микрорайон" UPDATEDATE="1900-01-01" STARTDATE="1900-01-01" ENDDATE="2018-11-09" ISACTIVE="true" /><ADDRESSOBJECTTYPE ID="152" LEVEL="8" NAME="Мост" SHORTNAME="мост" DESC="Мост" UPDATEDATE="1900-01-01" STARTDATE="1900-01-01" ENDDATE="2015-11-05" ISACTIVE="true" /><ADDRESSOBJECTTYPE ID="155" LEVEL="8" NAME="Набережная" SHORTNAME="наб." DESC="Набережная" UPDATEDATE="2015-11-05" STARTDATE="2015-11-05" ENDDATE="2018-11-09" ISACTIVE="true" /><ADDRESSOBJECTTYPE ID="154" LEVEL="8" NAME="Набережная" SHORTNAME="наб" DESC="Набережная" UPDATEDATE="1900-01-01" STARTDATE="1900-01-01" ENDDATE="2015-11-05" ISACTIVE="true" /><ADDRESSOBJECTTYPE ID="156" LEVEL="8" NAME="Населенный пункт" SHORTNAME="нп" DESC="Населенный пункт" UPDATEDATE="1900-01-01" STARTDATE="1900-01-01" ENDDATE="2015-11-05" ISACTIVE="true" /><ADDRESSOBJECTTYPE ID="153" LEVEL="8" NAME="Некоммерческое партнерство" SHORTNAME="н/п" DESC="Некоммерческое партнерство" UPDATEDATE="1900-01-01" STARTDATE="1900-01-01" ENDDATE="2015-11-05" ISACTIVE="true" /><ADDRESSOBJECTTYPE ID="157" LEVEL="8" NAME="Остров" SHORTNAME="остров" DESC="Остров" UPDATEDATE="1900-01-01" STARTDATE="1900-01-01" ENDDATE="2015-11-05" ISACTIVE="true" /><ADDRESSOBJECTTYPE ID="162" LEVEL="8" NAME="Парк" SHORTNAME="парк" DESC="Парк" UPDATEDATE="1900-01-01" STARTDATE="1900-01-01" ENDDATE="2015-11-05" ISACTIVE="true" /><ADDRESSOBJECTTYPE ID="165" LEVEL="8" NAME="Переезд" SHORTNAME="пер-д" DESC="Переезд" UPDATEDATE="2015-11-05" STARTDATE="2015-11-05" ENDDATE="2018-11-09" ISACTIVE="true" /><ADDRESSOBJECTTYPE ID="166" LEVEL="8" NAME="Переезд" SHORTNAME="переезд" DESC="Переезд" UPDATEDATE="1900-01-01" STARTDATE="1900-01-01" ENDDATE="2015-11-05" ISACTIVE="true" /><ADDRESSOBJECTTYPE ID="163" LEVEL="8" NAME="Переулок" SHORTNAME="пер" DESC="Переулок" UPDATEDATE="1900-01-01" STARTDATE="1900-01-01" ENDDATE="2079-06-06" ISACTIVE="true" /><ADDRESSOBJECTTYPE ID="164" LEVEL="8" NAME="Переулок" SHORTNAME="пер." DESC="Переулок" UPDATEDATE="1900-01-01" STARTDATE="1900-01-01" ENDDATE="2015-11-05" ISACTIVE="true" /><ADDRESSOBJECTTYPE ID="160" LEVEL="8" NAME="Планировочный район" SHORTNAME="пл.р-н" DESC="Планировочный район" UPDATEDATE="2020-08-11" STARTDATE="1900-01-01" ENDDATE="2015-11-05" ISACTIVE="true" /><ADDRESSOBJECTTYPE ID="168" LEVEL="8" NAME="Платформа" SHORTNAME="платф" DESC="Платформа" UPDATEDATE="1900-01-01" STARTDATE="1900-01-01" ENDDATE="2015-11-05" ISACTIVE="true" /><ADDRESSOBJECTTYPE ID="169" LEVEL="8" NAME="Площадка" SHORTNAME="пл-ка" DESC="Площадка" UPDATEDATE="1900-01-01" STARTDATE="1900-01-01" ENDDATE="2018-11-09" ISACTIVE="true" /><ADDRESSOBJECTTYPE ID="167" LEVEL="8" NAME="Площадь" SHORTNAME="пл" DESC="Площадь" UPDATEDATE="1900-01-01" STARTDATE="1900-01-01" ENDDATE="2079-06-06" ISACTIVE="true" /><ADDRESSOBJECTTYPE ID="170" LEVEL="8" NAME="Полустанок" SHORTNAME="полустанок" DESC="Полустанок" UPDATEDATE="1900-01-01" STARTDATE="1900-01-01" ENDDATE="2015-11-05" ISACTIVE="true" /><ADDRESSOBJECTTYPE ID="158" LEVEL="8" NAME="Поселок" SHORTNAME="п" DESC="Поселок" UPDATEDATE="1900-01-01" STARTDATE="1900-01-01" ENDDATE="2018-04-16" ISACTIVE="true" /><ADDRESSOBJECTTYPE ID="161" LEVEL="8" NAME="Поселок и(при) станция(и)" SHORTNAME="п/ст" DESC="Поселок и(при) станция(и)" UPDATEDATE="1900-01-01" STARTDATE="1900-01-01" ENDDATE="2015-11-05" ISACTIVE="true" /><ADDRESSOBJECTTYPE ID="159" LEVEL="8" NAME="Почтовое отделение" SHORTNAME="п/о" DESC="Почтовое отделение" UPDATEDATE="1900-01-01" STARTDATE="1900-01-01" ENDDATE="2015-11-05" ISACTIVE="true" /><ADDRESSOBJECTTYPE ID="171" LEVEL="8" NAME="Проезд" SHORTNAME="пр-д" DESC="Проезд" UPDATEDATE="2015-11-05" STARTDATE="2015-11-05" ENDDATE="2079-06-06" ISACTIVE="true" /><ADDRESSOBJECTTYPE ID="176" LEVEL="8" NAME="Проезд" SHORTNAME="проезд" DESC="Проезд" UPDATEDATE="1900-01-01" STARTDATE="1900-01-01" ENDDATE="2015-05-11" ISACTIVE="true" /><ADDRESSOBJECTTYPE ID="177" LEVEL="8" NAME="Промзона" SHORTNAME="промзона" DESC="Промзона" UPDATEDATE="1900-01-01" STARTDATE="1900-01-01" ENDDATE="2018-11-09" ISACTIVE="true" /><ADDRESSOBJECTTYPE ID="172" LEVEL="8" NAME="Просек" SHORTNAME="пр-к" DESC="Просек" UPDATEDATE="2015-11-05" STARTDATE="2015-11-05" ENDDATE="2018-11-09" ISACTIVE="true" /><ADDRESSOBJECTTYPE ID="178" LEVEL="8" NAME="Просек" SHORTNAME="просек" DESC="Просек" UPDATEDATE="1900-01-01" STARTDATE="1900-01-01" ENDDATE="2015-11-05" ISACTIVE="true" /><ADDRESSOBJECTTYPE ID="173" LEVEL="8" NAME="Просека" SHORTNAME="пр-ка" DESC="Просека" UPDATEDATE="2015-11-05" STARTDATE="2015-11-05" ENDDATE="2018-11-09" ISACTIVE="true" /><ADDRESSOBJECTTYPE ID="179" LEVEL="8" NAME="Просека" SHORTNAME="просека" DESC="Просека" UPDATEDATE="1900-01-01" STARTDATE="1900-01-01" ENDDATE="2015-11-05" ISACTIVE="true" /><ADDRESSOBJECTTYPE ID="180" LEVEL="8" NAME="Проселок" SHORTNAME="проселок" DESC="Проселок" UPDATEDATE="1900-01-01" STARTDATE="1900-01-01" ENDDATE="2015-11-05" ISACTIVE="true" /><ADDRESSOBJECTTYPE ID="175" LEVEL="8" NAME="Проселок" SHORTNAME="пр-лок" DESC="Проселок" UPDATEDATE="2015-11-05" STARTDATE="2015-11-05" ENDDATE="2018-11-09" ISACTIVE="true" /><ADDRESSOBJECTTYPE ID="174" LEVEL="8" NAME="Проспект" SHORTNAME="пр-кт" DESC="Проспект" UPDATEDATE="1900-01-01" STARTDATE="1900-01-01" ENDDATE="2079-06-06" ISACTIVE="true" /><ADDRESSOBJECTTYPE ID="182" LEVEL="8" NAME="Проулок" SHORTNAME="проулок" DESC="Проулок" UPDATEDATE="1900-01-01" STARTDATE="1900-01-01" ENDDATE="2015-11-05" ISACTIVE="true" /><ADDRESSOBJECTTYPE ID="181" LEVEL="8" NAME="Проулок" SHORTNAME="проул." DESC="Проулок" UPDATEDATE="2015-11-05" STARTDATE="2015-11-05" ENDDATE="2079-06-06" ISACTIVE="true" /><ADDRESSOBJECTTYPE ID="183" LEVEL="8" NAME="Разъезд" SHORTNAME="рзд" DESC="Разъезд" UPDATEDATE="1900-01-01" STARTDATE="1900-01-01" ENDDATE="2015-11-05" ISACTIVE="true" /><ADDRESSOBJECTTYPE ID="184" LEVEL="8" NAME="Разъезд" SHORTNAME="рзд." DESC="Разъезд" UPDATEDATE="2015-11-05" STARTDATE="2015-11-05" ENDDATE="2079-06-06" ISACTIVE="true" /><ADDRESSOBJECTTYPE ID="185" LEVEL="8" NAME="Ряд(ы)" SHORTNAME="ряд" DESC="Ряд(ы)" UPDATEDATE="2015-11-05" STARTDATE="2015-11-05" ENDDATE="2018-11-09" ISACTIVE="true" /><ADDRESSOBJECTTYPE ID="186" LEVEL="8" NAME="Ряды" SHORTNAME="ряды" DESC="Ряды" UPDATEDATE="1900-01-01" STARTDATE="1900-01-01" ENDDATE="2015-11-05" ISACTIVE="true" /><ADDRESSOBJECTTYPE ID="189" LEVEL="8" NAME="Сад" SHORTNAME="сад" DESC="Сад" UPDATEDATE="1900-01-01" STARTDATE="1900-01-01" ENDDATE="2015-11-05" ISACTIVE="true" /><ADDRESSOBJECTTYPE ID="194" LEVEL="8" NAME="Садовое неком-е товарищество" SHORTNAME="снт" DESC="Садовое некоммерческое товарищество" UPDATEDATE="1900-01-01" STARTDATE="1900-01-01" ENDDATE="2018-11-09" ISACTIVE="true" /><ADDRESSOBJECTTYPE ID="188" LEVEL="8" NAME="Садовое товарищество" SHORTNAME="с/т" DESC="Садовое товарищество" UPDATEDATE="2015-11-05" STARTDATE="2015-11-05" ENDDATE="2018-05-08" ISACTIVE="true" /><ADDRESSOBJECTTYPE ID="187" LEVEL="8" NAME="Село" SHORTNAME="с" DESC="Село" UPDATEDATE="1900-01-01" STARTDATE="1900-01-01" ENDDATE="2015-11-05" ISACTIVE="true" /><ADDRESSOBJECTTYPE ID="196" LEVEL="8" NAME="Сквер" SHORTNAME="с-р" DESC="Сквер" UPDATEDATE="2015-11-05" STARTDATE="2015-11-05" ENDDATE="2018-11-09" ISACTIVE="true" /><ADDRESSOBJECTTYPE ID="192" LEVEL="8" NAME="Сквер" SHORTNAME="сквер" DESC="Сквер" UPDATEDATE="1900-01-01" STARTDATE="1900-01-01" ENDDATE="2015-11-05" ISACTIVE="true" /><ADDRESSOBJECTTYPE ID="193" LEVEL="8" NAME="Слобода" SHORTNAME="сл" DESC="Слобода" UPDATEDATE="1900-01-01" STARTDATE="1900-01-01" ENDDATE="2015-11-05" ISACTIVE="true" /><ADDRESSOBJECTTYPE ID="191" LEVEL="8" NAME="Спуск" SHORTNAME="с-к" DESC="Спуск" UPDATEDATE="2015-11-05" STARTDATE="2015-11-05" ENDDATE="2079-06-06" ISACTIVE="true" /><ADDRESSOBJECTTYPE ID="195" LEVEL="8" NAME="Спуск" SHORTNAME="спуск" DESC="Спуск" UPDATEDATE="1900-01-01" STARTDATE="1900-01-01" ENDDATE="2015-11-05" ISACTIVE="true" /><ADDRESSOBJECTTYPE ID="197" LEVEL="8" NAME="Станция" SHORTNAME="ст" DESC="Станция" UPDATEDATE="1900-01-01" STARTDATE="1900-01-01" ENDDATE="2015-11-05" ISACTIVE="true" /><ADDRESSOBJECTTYPE ID="198" LEVEL="8" NAME="Строение" SHORTNAME="стр" DESC="Строение" UPDATEDATE="1900-01-01" STARTDATE="1900-01-01" ENDDATE="2015-11-05" ISACTIVE="true" /><ADDRESSOBJECTTYPE ID="190" LEVEL="8" NAME="Съезд" SHORTNAME="сзд." DESC="Съезд" UPDATEDATE="2015-11-05" STARTDATE="2015-11-05" ENDDATE="2018-11-09" ISACTIVE="true" /><ADDRESSOBJECTTYPE ID="199" LEVEL="8" NAME="Территория" SHORTNAME="тер" DESC="Территория" UPDATEDATE="1900-01-01" STARTDATE="1900-01-01" ENDDATE="2018-11-09" ISACTIVE="true" /><ADDRESSOBJECTTYPE ID="200" LEVEL="8" NAME="Территория ДНТ" SHORTNAME="тер. ДНТ" DESC="Территория ДНТ" UPDATEDATE="2015-11-05" STARTDATE="2015-11-05" ENDDATE="2019-02-14" ISACTIVE="true" /><ADDRESSOBJECTTYPE ID="201" LEVEL="8" NAME="Территория СНТ" SHORTNAME="тер. СНТ" DESC="Территория СНТ" UPDATEDATE="2015-11-05" STARTDATE="2015-11-05" ENDDATE="2018-05-08" ISACTIVE="true" /><ADDRESSOBJECTTYPE ID="202" LEVEL="8" NAME="Тракт" SHORTNAME="тракт" DESC="Тракт" UPDATEDATE="1900-01-01" STARTDATE="1900-01-01" ENDDATE="2079-06-06" ISACTIVE="true" /><ADDRESSOBJECTTYPE ID="203" LEVEL="8" NAME="Тупик" SHORTNAME="туп" DESC="Тупик" UPDATEDATE="1900-01-01" STARTDATE="1900-01-01" ENDDATE="2079-06-06" ISACTIVE="true" /><ADDRESSOBJECTTYPE ID="205" LEVEL="8" NAME="Улица" SHORTNAME="ул." DESC="Улица" UPDATEDATE="1900-01-01" STARTDATE="1900-01-01" ENDDATE="2015-11-05" ISACTIVE="true" /><ADDRESSOBJECTTYPE ID="204" LEVEL="8" NAME="Улица" SHORTNAME="ул" DESC="Улица" UPDATEDATE="1900-01-01" STARTDATE="1900-01-01" ENDDATE="2079-06-06" ISACTIVE="true" /><ADDRESSOBJECTTYPE ID="206" LEVEL="8" NAME="Участок" SHORTNAME="уч-к" DESC="Участок" UPDATEDATE="1900-01-01" STARTDATE="1900-01-01" ENDDATE="2015-11-05" ISACTIVE="true" /><ADDRESSOBJECTTYPE ID="208" LEVEL="8" NAME="Ферма" SHORTNAME="ферма" DESC="Ферма" UPDATEDATE="1900-01-01" STARTDATE="1900-01-01" ENDDATE="2015-11-05" ISACTIVE="true" /><ADDRESSOBJECTTYPE ID="207" LEVEL="8" NAME="Фермерское хозяйство" SHORTNAME="ф/х" DESC="Фермерское хозяйство" UPDATEDATE="1900-01-01" STARTDATE="1900-01-01" ENDDATE="2015-11-05" ISACTIVE="true" /><ADDRESSOBJECTTYPE ID="209" LEVEL="8" NAME="Хутор" SHORTNAME="х" DESC="Хутор" UPDATEDATE="1900-01-01" STARTDATE="1900-01-01" ENDDATE="2015-11-05" ISACTIVE="true" /><ADDRESSOBJECTTYPE ID="210" LEVEL="8" NAME="Шоссе" SHORTNAME="ш" DESC="Шоссе" UPDATEDATE="1900-01-01" STARTDATE="1900-01-01" ENDDATE="2079-06-06" ISACTIVE="true" /><ADDRESSOBJECTTYPE ID="211" LEVEL="8" NAME="Шоссе" SHORTNAME="ш." DESC="Шоссе" UPDATEDATE="2015-11-05" STARTDATE="2015-11-05" ENDDATE="2015-11-05" ISACTIVE="true" /><ADDRESSOBJECTTYPE ID="332" LEVEL="9" NAME="Земельный участок" SHORTNAME="з/у" DESC="Земельный участок" UPDATEDATE="2015-11-05" STARTDATE="2015-11-05" ENDDATE="2079-06-06" ISACTIVE="true" /><ADDRESSOBJECTTYPE ID="16" LEVEL="13" NAME="Автономный округ" SHORTNAME="АО" DESC="Автономный округ" UPDATEDATE="1900-01-01" STARTDATE="1900-01-01" ENDDATE="2015-11-05" ISACTIVE="true" /><ADDRESSOBJECTTYPE ID="44" LEVEL="14" NAME="Район" SHORTNAME="р-н" DESC="Район" UPDATEDATE="1900-01-01" STARTDATE="1900-01-01" ENDDATE="2015-11-05" ISACTIVE="true" /><ADDRESSOBJECTTYPE ID="45" LEVEL="14" NAME="Территория" SHORTNAME="тер" DESC="Территория" UPDATEDATE="1900-01-01" STARTDATE="1900-01-01" ENDDATE="2015-11-05" ISACTIVE="true" /><ADDRESSOBJECTTYPE ID="333" LEVEL="15" NAME="Гаражно-строительный кооп." SHORTNAME="гск" DESC="Гаражно-строительный кооператив" UPDATEDATE="1900-01-01" STARTDATE="1900-01-01" ENDDATE="2015-05-11" ISACTIVE="true" /><ADDRESSOBJECTTYPE ID="334" LEVEL="15" NAME="Дачное неком-е партнерство" SHORTNAME="днп" DESC="Дачное некоммерческое партнерство" UPDATEDATE="1900-01-01" STARTDATE="1900-01-01" ENDDATE="2015-05-11" ISACTIVE="true" /><ADDRESSOBJECTTYPE ID="335" LEVEL="15" NAME="Местность" SHORTNAME="местность" DESC="Местность" UPDATEDATE="1900-01-01" STARTDATE="1900-01-01" ENDDATE="2079-06-06" ISACTIVE="true" /><ADDRESSOBJECTTYPE ID="336" LEVEL="15" NAME="Микрорайон" SHORTNAME="мкр" DESC="Микрорайон" UPDATEDATE="1900-01-01" STARTDATE="1900-01-01" ENDDATE="2079-06-06" ISACTIVE="true" /><ADDRESSOBJECTTYPE ID="337" LEVEL="15" NAME="Некоммерческое партнерство" SHORTNAME="н/п" DESC="Некоммерческое партнерство" UPDATEDATE="1900-01-01" STARTDATE="1900-01-01" ENDDATE="2079-06-06" ISACTIVE="true" /><ADDRESSOBJECTTYPE ID="338" LEVEL="15" NAME="Промышленная зона" SHORTNAME="промзона" DESC="Промышленная зона" UPDATEDATE="1900-01-01" STARTDATE="1900-01-01" ENDDATE="2079-06-06" ISACTIVE="true" /><ADDRESSOBJECTTYPE ID="339" LEVEL="15" NAME="Сад" SHORTNAME="сад" DESC="Сад" UPDATEDATE="1900-01-01" STARTDATE="1900-01-01" ENDDATE="2079-06-06" ISACTIVE="true" /><ADDRESSOBJECTTYPE ID="340" LEVEL="15" NAME="Садовое товарищество" SHORTNAME="снт" DESC="Садовое товарищество" UPDATEDATE="1900-01-01" STARTDATE="1900-01-01" ENDDATE="2079-06-06" ISACTIVE="true" /><ADDRESSOBJECTTYPE ID="341" LEVEL="15" NAME="Территория" SHORTNAME="тер" DESC="Территория" UPDATEDATE="1900-01-01" STARTDATE="1900-01-01" ENDDATE="2079-06-06" ISACTIVE="true" /><ADDRESSOBJECTTYPE ID="342" LEVEL="15" NAME="Фермерское хозяйство" SHORTNAME="ф/х" DESC="Фермерское хозяйство" UPDATEDATE="1900-01-01" STARTDATE="1900-01-01" ENDDATE="2079-06-06" ISACTIVE="true" /><ADDRESSOBJECTTYPE ID="344" LEVEL="16" NAME="Аал" SHORTNAME="аал" DESC="Аал" UPDATEDATE="1900-01-01" STARTDATE="1900-01-01" ENDDATE="2079-06-06" ISACTIVE="true" /><ADDRESSOBJECTTYPE ID="343" LEVEL="16" NAME="Абонентский ящик" SHORTNAME="а/я" DESC="Абонентский ящик" UPDATEDATE="1900-01-01" STARTDATE="1900-01-01" ENDDATE="2015-12-31" ISACTIVE="true" /><ADDRESSOBJECTTYPE ID="345" LEVEL="16" NAME="Аллея" SHORTNAME="аллея" DESC="Аллея" UPDATEDATE="1900-01-01" STARTDATE="1900-01-01" ENDDATE="2079-06-06" ISACTIVE="true" /><ADDRESSOBJECTTYPE ID="346" LEVEL="16" NAME="Арбан" SHORTNAME="арбан" DESC="Арбан" UPDATEDATE="1900-01-01" STARTDATE="1900-01-01" ENDDATE="2079-06-06" ISACTIVE="true" /><ADDRESSOBJECTTYPE ID="347" LEVEL="16" NAME="Аул" SHORTNAME="аул" DESC="Аул" UPDATEDATE="1900-01-01" STARTDATE="1900-01-01" ENDDATE="2079-06-06" ISACTIVE="true" /><ADDRESSOBJECTTYPE ID="348" LEVEL="16" NAME="Берег" SHORTNAME="берег" DESC="Берег" UPDATEDATE="1900-01-01" STARTDATE="1900-01-01" ENDDATE="2079-06-06" ISACTIVE="true" /><ADDRESSOBJECTTYPE ID="349" LEVEL="16" NAME="Бульвар" SHORTNAME="б-р" DESC="Бульвар" UPDATEDATE="1900-01-01" STARTDATE="1900-01-01" ENDDATE="2079-06-06" ISACTIVE="true" /><ADDRESSOBJECTTYPE ID="350" LEVEL="16" NAME="Вал" SHORTNAME="вал" DESC="Вал" UPDATEDATE="1900-01-01" STARTDATE="1900-01-01" ENDDATE="2079-06-06" ISACTIVE="true" /><ADDRESSOBJECTTYPE ID="351" LEVEL="16" NAME="Въезд" SHORTNAME="въезд" DESC="Въезд" UPDATEDATE="1900-01-01" STARTDATE="1900-01-01" ENDDATE="2015-12-31" ISACTIVE="true" /><ADDRESSOBJECTTYPE ID="352" LEVEL="16" NAME="Выселки(ок)" SHORTNAME="высел" DESC="Выселки(ок)" UPDATEDATE="1900-01-01" STARTDATE="1900-01-01" ENDDATE="2079-06-06" ISACTIVE="true" /><ADDRESSOBJECTTYPE ID="354" LEVEL="16" NAME="Гаражно-строит-ный кооператив" SHORTNAME="гск" DESC="Гаражно-строительный кооператив" UPDATEDATE="1900-01-01" STARTDATE="1900-01-01" ENDDATE="2015-12-31" ISACTIVE="true" /><ADDRESSOBJECTTYPE ID="353" LEVEL="16" NAME="Городок" SHORTNAME="г-к" DESC="Городок" UPDATEDATE="1900-01-01" STARTDATE="1900-01-01" ENDDATE="2079-06-06" ISACTIVE="true" /><ADDRESSOBJECTTYPE ID="355" LEVEL="16" NAME="Деревня" SHORTNAME="д" DESC="Деревня" UPDATEDATE="1900-01-01" STARTDATE="1900-01-01" ENDDATE="2079-06-06" ISACTIVE="true" /><ADDRESSOBJECTTYPE ID="356" LEVEL="16" NAME="Дорога" SHORTNAME="дор" DESC="Дорога" UPDATEDATE="1900-01-01" STARTDATE="1900-01-01" ENDDATE="2079-06-06" ISACTIVE="true" /><ADDRESSOBJECTTYPE ID="359" LEVEL="16" NAME="ж/д останов. (обгонный) пункт" SHORTNAME="ж/д_оп" DESC="ж/д остановочный (обгонный) пункт" UPDATEDATE="1900-01-01" STARTDATE="1900-01-01" ENDDATE="2015-12-31" ISACTIVE="true" /><ADDRESSOBJECTTYPE ID="357" LEVEL="16" NAME="Железнодорожная будка" SHORTNAME="ж/д_будка" DESC="Железнодорожная будка" UPDATEDATE="1900-01-01" STARTDATE="1900-01-01" ENDDATE="2079-06-06" ISACTIVE="true" /><ADDRESSOBJECTTYPE ID="358" LEVEL="16" NAME="Железнодорожная казарма" SHORTNAME="ж/д_казарм" DESC="Железнодорожная казарма" UPDATEDATE="1900-01-01" STARTDATE="1900-01-01" ENDDATE="2015-11-05" ISACTIVE="true" /><ADDRESSOBJECTTYPE ID="360" LEVEL="16" NAME="Железнодорожная платформа" SHORTNAME="ж/д_платф" DESC="Железнодорожная платформа" UPDATEDATE="1900-01-01" STARTDATE="1900-01-01" ENDDATE="2079-06-06" ISACTIVE="true" /><ADDRESSOBJECTTYPE ID="363" LEVEL="16" NAME="Железнодорожная станция" SHORTNAME="ж/д_ст" DESC="Железнодорожная станция" UPDATEDATE="1900-01-01" STARTDATE="1900-01-01" ENDDATE="2079-06-06" ISACTIVE="true" /><ADDRESSOBJECTTYPE ID="361" LEVEL="16" NAME="Железнодорожный пост" SHORTNAME="ж/д_пост" DESC="Железнодорожный пост" UPDATEDATE="1900-01-01" STARTDATE="1900-01-01" ENDDATE="2015-12-31" ISACTIVE="true" /><ADDRESSOBJECTTYPE ID="362" LEVEL="16" NAME="Железнодорожный разъезд" SHORTNAME="ж/д_рзд" DESC="Железнодорожный разъезд" UPDATEDATE="1900-01-01" STARTDATE="1900-01-01" ENDDATE="2079-06-06" ISACTIVE="true" /><ADDRESSOBJECTTYPE ID="364" LEVEL="16" NAME="Животноводческая точка" SHORTNAME="жт" DESC="Животноводческая точка" UPDATEDATE="1900-01-01" STARTDATE="1900-01-01" ENDDATE="2015-12-31" ISACTIVE="true" /><ADDRESSOBJECTTYPE ID="365" LEVEL="16" NAME="Заезд" SHORTNAME="заезд" DESC="Заезд" UPDATEDATE="1900-01-01" STARTDATE="1900-01-01" ENDDATE="2079-06-06" ISACTIVE="true" /><ADDRESSOBJECTTYPE ID="366" LEVEL="16" NAME="Зона" SHORTNAME="зона" DESC="Зона" UPDATEDATE="1900-01-01" STARTDATE="1900-01-01" ENDDATE="2079-06-06" ISACTIVE="true" /><ADDRESSOBJECTTYPE ID="367" LEVEL="16" NAME="Казарма" SHORTNAME="казарма" DESC="Казарма" UPDATEDATE="1900-01-01" STARTDATE="1900-01-01" ENDDATE="2015-12-31" ISACTIVE="true" /><ADDRESSOBJECTTYPE ID="368" LEVEL="16" NAME="Квартал" SHORTNAME="кв-л" DESC="Квартал" UPDATEDATE="1900-01-01" STARTDATE="1900-01-01" ENDDATE="2079-06-06" ISACTIVE="true" /><ADDRESSOBJECTTYPE ID="369" LEVEL="16" NAME="Километр" SHORTNAME="км" DESC="Километр" UPDATEDATE="1900-01-01" STARTDATE="1900-01-01" ENDDATE="2079-06-06" ISACTIVE="true" /><ADDRESSOBJECTTYPE ID="370" LEVEL="16" NAME="Кольцо" SHORTNAME="кольцо" DESC="Кольцо" UPDATEDATE="1900-01-01" STARTDATE="1900-01-01" ENDDATE="2079-06-06" ISACTIVE="true" /><ADDRESSOBJECTTYPE ID="371" LEVEL="16" NAME="Коса" SHORTNAME="коса" DESC="Коса" UPDATEDATE="1900-01-01" STARTDATE="1900-01-01" ENDDATE="2079-06-06" ISACTIVE="true" /><ADDRESSOBJECTTYPE ID="372" LEVEL="16" NAME="Линия" SHORTNAME="линия" DESC="Линия" UPDATEDATE="1900-01-01" STARTDATE="1900-01-01" ENDDATE="2079-06-06" ISACTIVE="true" /><ADDRESSOBJECTTYPE ID="373" LEVEL="16" NAME="Местечко" SHORTNAME="м" DESC="Местечко" UPDATEDATE="1900-01-01" STARTDATE="1900-01-01" ENDDATE="2079-06-06" ISACTIVE="true" /><ADDRESSOBJECTTYPE ID="374" LEVEL="16" NAME="Микрорайон" SHORTNAME="мкр" DESC="Микрорайон" UPDATEDATE="1900-01-01" STARTDATE="1900-01-01" ENDDATE="2079-06-06" ISACTIVE="true" /><ADDRESSOBJECTTYPE ID="375" LEVEL="16" NAME="Мост" SHORTNAME="мост" DESC="Мост" UPDATEDATE="1900-01-01" STARTDATE="1900-01-01" ENDDATE="2015-12-31" ISACTIVE="true" /><ADDRESSOBJECTTYPE ID="376" LEVEL="16" NAME="Набережная" SHORTNAME="наб" DESC="Набережная" UPDATEDATE="1900-01-01" STARTDATE="1900-01-01" ENDDATE="2018-01-27" ISACTIVE="true" /><ADDRESSOBJECTTYPE ID="377" LEVEL="16" NAME="Населенный пункт" SHORTNAME="нп" DESC="Населенный пункт" UPDATEDATE="1900-01-01" STARTDATE="1900-01-01" ENDDATE="2015-12-31" ISACTIVE="true" /><ADDRESSOBJECTTYPE ID="378" LEVEL="16" NAME="Остров" SHORTNAME="остров" DESC="Остров" UPDATEDATE="1900-01-01" STARTDATE="1900-01-01" ENDDATE="2079-06-06" ISACTIVE="true" /><ADDRESSOBJECTTYPE ID="383" LEVEL="16" NAME="Парк" SHORTNAME="парк" DESC="Парк" UPDATEDATE="1900-01-01" STARTDATE="1900-01-01" ENDDATE="2079-06-06" ISACTIVE="true" /><ADDRESSOBJECTTYPE ID="385" LEVEL="16" NAME="Переезд" SHORTNAME="переезд" DESC="Переезд" UPDATEDATE="1900-01-01" STARTDATE="1900-01-01" ENDDATE="2079-06-06" ISACTIVE="true" /><ADDRESSOBJECTTYPE ID="384" LEVEL="16" NAME="Переулок" SHORTNAME="пер" DESC="Переулок" UPDATEDATE="1900-01-01" STARTDATE="1900-01-01" ENDDATE="2079-06-06" ISACTIVE="true" /><ADDRESSOBJECTTYPE ID="381" LEVEL="16" NAME="Планировочный район" SHORTNAME="пл.р-н" DESC="Планировочный район" UPDATEDATE="2020-08-11" STARTDATE="1900-01-01" ENDDATE="2015-12-31" ISACTIVE="true" /><ADDRESSOBJECTTYPE ID="387" LEVEL="16" NAME="Платформа" SHORTNAME="платф" DESC="Платформа" UPDATEDATE="1900-01-01" STARTDATE="1900-01-01" ENDDATE="2079-06-06" ISACTIVE="true" /><ADDRESSOBJECTTYPE ID="388" LEVEL="16" NAME="Площадка" SHORTNAME="пл-ка" DESC="Площадка" UPDATEDATE="1900-01-01" STARTDATE="1900-01-01" ENDDATE="2079-06-06" ISACTIVE="true" /><ADDRESSOBJECTTYPE ID="386" LEVEL="16" NAME="Площадь" SHORTNAME="пл" DESC="Площадь" UPDATEDATE="1900-01-01" STARTDATE="1900-01-01" ENDDATE="2079-06-06" ISACTIVE="true" /><ADDRESSOBJECTTYPE ID="379" LEVEL="16" NAME="Поселок" SHORTNAME="п" DESC="Поселок" UPDATEDATE="1900-01-01" STARTDATE="1900-01-01" ENDDATE="2079-06-06" ISACTIVE="true" /><ADDRESSOBJECTTYPE ID="382" LEVEL="16" NAME="Поселок и(при) станция(и)" SHORTNAME="п/ст" DESC="Поселок и(при) станция(и)" UPDATEDATE="1900-01-01" STARTDATE="1900-01-01" ENDDATE="2079-06-06" ISACTIVE="true" /><ADDRESSOBJECTTYPE ID="389" LEVEL="16" NAME="Починок" SHORTNAME="починок" DESC="Починок" UPDATEDATE="1900-01-01" STARTDATE="1900-01-01" ENDDATE="2079-06-06" ISACTIVE="true" /><ADDRESSOBJECTTYPE ID="380" LEVEL="16" NAME="Почтовое отделение" SHORTNAME="п/о" DESC="Почтовое отделение" UPDATEDATE="1900-01-01" STARTDATE="1900-01-01" ENDDATE="2015-12-31" ISACTIVE="true" /><ADDRESSOBJECTTYPE ID="391" LEVEL="16" NAME="Проезд" SHORTNAME="проезд" DESC="Проезд" UPDATEDATE="1900-01-01" STARTDATE="1900-01-01" ENDDATE="2079-06-06" ISACTIVE="true" /><ADDRESSOBJECTTYPE ID="392" LEVEL="16" NAME="Просек" SHORTNAME="просек" DESC="Просек" UPDATEDATE="1900-01-01" STARTDATE="1900-01-01" ENDDATE="2079-06-06" ISACTIVE="true" /><ADDRESSOBJECTTYPE ID="393" LEVEL="16" NAME="Просека" SHORTNAME="просека" DESC="Просека" UPDATEDATE="1900-01-01" STARTDATE="1900-01-01" ENDDATE="2079-06-06" ISACTIVE="true" /><ADDRESSOBJECTTYPE ID="394" LEVEL="16" NAME="Проселок" SHORTNAME="проселок" DESC="Проселок" UPDATEDATE="1900-01-01" STARTDATE="1900-01-01" ENDDATE="2079-06-06" ISACTIVE="true" /><ADDRESSOBJECTTYPE ID="390" LEVEL="16" NAME="Проспект" SHORTNAME="пр-кт" DESC="Проспект" UPDATEDATE="1900-01-01" STARTDATE="1900-01-01" ENDDATE="2079-06-06" ISACTIVE="true" /><ADDRESSOBJECTTYPE ID="395" LEVEL="16" NAME="Проулок" SHORTNAME="проулок" DESC="Проулок" UPDATEDATE="1900-01-01" STARTDATE="1900-01-01" ENDDATE="2079-06-06" ISACTIVE="true" /><ADDRESSOBJECTTYPE ID="396" LEVEL="16" NAME="Разъезд" SHORTNAME="рзд" DESC="Разъезд" UPDATEDATE="1900-01-01" STARTDATE="1900-01-01" ENDDATE="2079-06-06" ISACTIVE="true" /><ADDRESSOBJECTTYPE ID="397" LEVEL="16" NAME="Ряды" SHORTNAME="ряды" DESC="Ряды" UPDATEDATE="1900-01-01" STARTDATE="1900-01-01" ENDDATE="2079-06-06" ISACTIVE="true" /><ADDRESSOBJECTTYPE ID="399" LEVEL="16" NAME="Сад" SHORTNAME="сад" DESC="Сад" UPDATEDATE="1900-01-01" STARTDATE="1900-01-01" ENDDATE="2079-06-06" ISACTIVE="true" /><ADDRESSOBJECTTYPE ID="402" LEVEL="16" NAME="Садовое неком-е товарищество" SHORTNAME="снт" DESC="Садовое некоммерческое товарищество" UPDATEDATE="1900-01-01" STARTDATE="1900-01-01" ENDDATE="2015-12-31" ISACTIVE="true" /><ADDRESSOBJECTTYPE ID="398" LEVEL="16" NAME="Село" SHORTNAME="с" DESC="Село" UPDATEDATE="1900-01-01" STARTDATE="1900-01-01" ENDDATE="2079-06-06" ISACTIVE="true" /><ADDRESSOBJECTTYPE ID="400" LEVEL="16" NAME="Сквер" SHORTNAME="сквер" DESC="Сквер" UPDATEDATE="1900-01-01" STARTDATE="1900-01-01" ENDDATE="2079-06-06" ISACTIVE="true" /><ADDRESSOBJECTTYPE ID="401" LEVEL="16" NAME="Слобода" SHORTNAME="сл" DESC="Слобода" UPDATEDATE="1900-01-01" STARTDATE="1900-01-01" ENDDATE="2079-06-06" ISACTIVE="true" /><ADDRESSOBJECTTYPE ID="403" LEVEL="16" NAME="Спуск" SHORTNAME="спуск" DESC="Спуск" UPDATEDATE="1900-01-01" STARTDATE="1900-01-01" ENDDATE="2079-06-06" ISACTIVE="true" /><ADDRESSOBJECTTYPE ID="404" LEVEL="16" NAME="Станция" SHORTNAME="ст" DESC="Станция" UPDATEDATE="1900-01-01" STARTDATE="1900-01-01" ENDDATE="2079-06-06" ISACTIVE="true" /><ADDRESSOBJECTTYPE ID="405" LEVEL="16" NAME="Строение" SHORTNAME="стр" DESC="Строение" UPDATEDATE="1900-01-01" STARTDATE="1900-01-01" ENDDATE="2015-12-31" ISACTIVE="true" /><ADDRESSOBJECTTYPE ID="406" LEVEL="16" NAME="Территория" SHORTNAME="тер" DESC="Территория" UPDATEDATE="1900-01-01" STARTDATE="1900-01-01" ENDDATE="2079-06-06" ISACTIVE="true" /><ADDRESSOBJECTTYPE ID="407" LEVEL="16" NAME="Тракт" SHORTNAME="тракт" DESC="Тракт" UPDATEDATE="1900-01-01" STARTDATE="1900-01-01" ENDDATE="2079-06-06" ISACTIVE="true" /><ADDRESSOBJECTTYPE ID="408" LEVEL="16" NAME="Тупик" SHORTNAME="туп" DESC="Тупик" UPDATEDATE="1900-01-01" STARTDATE="1900-01-01" ENDDATE="2079-06-06" ISACTIVE="true" /><ADDRESSOBJECTTYPE ID="409" LEVEL="16" NAME="Улица" SHORTNAME="ул" DESC="Улица" UPDATEDATE="1900-01-01" STARTDATE="1900-01-01" ENDDATE="2079-06-06" ISACTIVE="true" /><ADDRESSOBJECTTYPE ID="410" LEVEL="16" NAME="Участок" SHORTNAME="уч-к" DESC="Участок" UPDATEDATE="1900-01-01" STARTDATE="1900-01-01" ENDDATE="2015-12-31" ISACTIVE="true" /><ADDRESSOBJECTTYPE ID="411" LEVEL="16" NAME="Ферма" SHORTNAME="ферма" DESC="Ферма" UPDATEDATE="1900-01-01" STARTDATE="1900-01-01" ENDDATE="2015-12-31" ISACTIVE="true" /><ADDRESSOBJECTTYPE ID="412" LEVEL="16" NAME="Хутор" SHORTNAME="х" DESC="Хутор" UPDATEDATE="1900-01-01" STARTDATE="1900-01-01" ENDDATE="2079-06-06" ISACTIVE="true" /><ADDRESSOBJECTTYPE ID="413" LEVEL="16" NAME="Шоссе" SHORTNAME="ш" DESC="Шоссе" UPDATEDATE="1900-01-01" STARTDATE="1900-01-01" ENDDATE="2079-06-06" ISACTIVE="true" /><ADDRESSOBJECTTYPE ID="227" LEVEL="17" NAME="Машино-место" SHORTNAME="м/м" DESC="Машино-место" UPDATEDATE="2019-02-14" STARTDATE="2019-02-14" ENDDATE="2079-06-06" ISACTIVE="true" /></ADDRESSOBJECTTYPES>