﻿<?xml version="1.0" encoding="utf-8"?><ITEMS><ITEM ID="704" PARENTID="104998" CHILDID="105021" CHANGEID="287781" /><ITEM ID="596" PARENTID="102993" CHILDID="100900" CHANGEID="284021" /><ITEM ID="735" PARENTID="105419" CHILDID="105441" CHANGEID="288584" /><ITEM ID="648" PARENTID="103952" CHILDID="103982" CHANGEID="285923" /><ITEM ID="673" PARENTID="104496" CHILDID="104468" CHANGEID="286864" /><ITEM ID="543" PARENTID="101238" CHILDID="101256" CHANGEID="280013" /><ITEM ID="799" PARENTID="107576" CHILDID="101914" CHANGEID="292241" /><ITEM ID="636" PARENTID="103758" CHILDID="103821" CHANGEID="285567" /><ITEM ID="569" PARENTID="102040" CHILDID="101078" CHANGEID="281914" /><ITEM ID="769" PARENTID="106130" CHILDID="105576" CHANGEID="289834" /><ITEM ID="577" PARENTID="102291" CHILDID="102317" CHANGEID="282470" /><ITEM ID="534" PARENTID="100927" CHILDID="100966" CHANGEID="279327" /><ITEM ID="536" PARENTID="100972" CHILDID="100740" CHANGEID="279375" /><ITEM ID="687" PARENTID="104688" CHILDID="103488" CHANGEID="287213" /><ITEM ID="584" PARENTID="102557" CHILDID="101202" CHANGEID="283087" /><ITEM ID="754" PARENTID="105823" CHILDID="103557" CHANGEID="289341" /><ITEM ID="637" PARENTID="103742" CHILDID="103822" CHANGEID="285551" /><ITEM ID="696" PARENTID="104840" CHILDID="101943" CHANGEID="287495" /><ITEM ID="651" PARENTID="104018" CHILDID="104071" CHANGEID="286026" /><ITEM ID="677" PARENTID="104499" CHILDID="104535" CHANGEID="286885" /><ITEM ID="641" PARENTID="103810" CHILDID="103879" CHANGEID="285687" /><ITEM ID="593" PARENTID="102854" CHILDID="102894" CHANGEID="283787" /><ITEM ID="752" PARENTID="105736" CHILDID="104340" CHANGEID="289157" /><ITEM ID="764" PARENTID="106003" CHILDID="106030" CHANGEID="289619" /><ITEM ID="548" PARENTID="101422" CHILDID="101458" CHANGEID="280517" /><ITEM ID="801" PARENTID="107951" CHILDID="105258" CHANGEID="292876" /><ITEM ID="604" PARENTID="103195" CHILDID="102824" CHANGEID="284436" /><ITEM ID="659" PARENTID="104185" CHILDID="104267" CHANGEID="286301" /><ITEM ID="697" PARENTID="104893" CHILDID="103188" CHANGEID="287598" /><ITEM ID="784" PARENTID="106546" CHILDID="104783" CHANGEID="290573" /><ITEM ID="594" PARENTID="102896" CHILDID="102304" CHANGEID="283834" /><ITEM ID="731" PARENTID="105297" CHILDID="105358" CHANGEID="288351" /><ITEM ID="665" PARENTID="104364" CHILDID="102019" CHANGEID="286620" /><ITEM ID="528" PARENTID="100752" CHILDID="100841" CHANGEID="278963" /><ITEM ID="574" PARENTID="102204" CHILDID="102237" CHANGEID="282290" /><ITEM ID="550" PARENTID="101505" CHILDID="101554" CHANGEID="280662" /><ITEM ID="792" PARENTID="106980" CHILDID="106263" CHANGEID="291317" /><ITEM ID="726" PARENTID="105259" CHILDID="104701" CHANGEID="288289" /><ITEM ID="689" PARENTID="104697" CHILDID="102769" CHANGEID="287244" /><ITEM ID="598" PARENTID="102997" CHILDID="103041" CHANGEID="284071" /><ITEM ID="595" PARENTID="102927" CHILDID="102854" CHANGEID="283882" /><ITEM ID="540" PARENTID="101118" CHILDID="101182" CHANGEID="279736" /><ITEM ID="542" PARENTID="101175" CHILDID="101207" CHANGEID="279824" /><ITEM ID="667" PARENTID="104383" CHILDID="104419" CHANGEID="286660" /><ITEM ID="650" PARENTID="104030" CHILDID="104068" CHANGEID="286034" /><ITEM ID="716" PARENTID="105160" CHILDID="103345" CHANGEID="288107" /><ITEM ID="674" PARENTID="104473" CHILDID="104427" CHANGEID="286808" /><ITEM ID="608" PARENTID="103225" CHILDID="103265" CHANGEID="284541" /><ITEM ID="763" PARENTID="106002" CHILDID="104654" CHANGEID="289626" /><ITEM ID="571" PARENTID="102081" CHILDID="100293" CHANGEID="282007" /><ITEM ID="522" PARENTID="100104" CHILDID="100167" CHANGEID="277496" /><ITEM ID="700" PARENTID="104888" CHILDID="104903" CHANGEID="287578" /><ITEM ID="649" PARENTID="104020" CHILDID="100994" CHANGEID="286035" /><ITEM ID="602" PARENTID="103147" CHILDID="103183" CHANGEID="284330" /><ITEM ID="580" PARENTID="102413" CHILDID="101296" CHANGEID="282766" /><ITEM ID="572" PARENTID="102142" CHILDID="101830" CHANGEID="282154" /><ITEM ID="606" PARENTID="103250" CHILDID="101959" CHANGEID="284553" /><ITEM ID="759" PARENTID="105899" CHILDID="102787" CHANGEID="289418" /><ITEM ID="678" PARENTID="104560" CHILDID="103467" CHANGEID="286987" /><ITEM ID="699" PARENTID="104909" CHILDID="101679" CHANGEID="287617" /><ITEM ID="702" PARENTID="104936" CHILDID="104784" CHANGEID="287664" /><ITEM ID="609" PARENTID="103253" CHILDID="100616" CHANGEID="284595" /><ITEM ID="741" PARENTID="105479" CHILDID="105539" CHANGEID="288687" /><ITEM ID="725" PARENTID="105285" CHILDID="104927" CHANGEID="288329" /><ITEM ID="796" PARENTID="107337" CHILDID="104544" CHANGEID="291850" /><ITEM ID="527" PARENTID="100720" CHILDID="100748" CHANGEID="278833" /><ITEM ID="562" PARENTID="101805" CHILDID="101817" CHANGEID="281338" /><ITEM ID="525" PARENTID="100477" CHILDID="100574" CHANGEID="278322" /><ITEM ID="739" PARENTID="105512" CHILDID="105537" CHANGEID="288757" /><ITEM ID="724" PARENTID="105240" CHILDID="105282" CHANGEID="288274" /><ITEM ID="605" PARENTID="103241" CHILDID="101351" CHANGEID="284543" /><ITEM ID="563" PARENTID="101810" CHILDID="101856" CHANGEID="281348" /><ITEM ID="746" PARENTID="105656" CHILDID="104436" CHANGEID="289030" /><ITEM ID="743" PARENTID="105574" CHILDID="105591" CHANGEID="288848" /><ITEM ID="639" PARENTID="103727" CHILDID="102892" CHANGEID="285550" /><ITEM ID="789" PARENTID="106811" CHILDID="105023" CHANGEID="291023" /><ITEM ID="793" PARENTID="106938" CHILDID="101620" CHANGEID="291184" /><ITEM ID="798" PARENTID="107478" CHILDID="105537" CHANGEID="292075" /><ITEM ID="654" PARENTID="104121" CHILDID="104153" CHANGEID="286193" /><ITEM ID="529" PARENTID="100838" CHILDID="100221" CHANGEID="279096" /><ITEM ID="638" PARENTID="103816" CHILDID="103835" CHANGEID="285666" /><ITEM ID="768" PARENTID="106044" CHILDID="106092" CHANGEID="289692" /><ITEM ID="583" PARENTID="102508" CHILDID="101279" CHANGEID="283017" /><ITEM ID="760" PARENTID="105956" CHILDID="105483" CHANGEID="289542" /><ITEM ID="791" PARENTID="106940" CHILDID="106208" CHANGEID="291215" /><ITEM ID="719" PARENTID="105209" CHILDID="104745" CHANGEID="288184" /><ITEM ID="797" PARENTID="107330" CHILDID="106228" CHANGEID="291841" /><ITEM ID="786" PARENTID="106673" CHILDID="106086" CHANGEID="290759" /><ITEM ID="666" PARENTID="104371" CHILDID="100317" CHANGEID="286646" /><ITEM ID="640" PARENTID="103851" CHILDID="102687" CHANGEID="285763" /><ITEM ID="718" PARENTID="105189" CHILDID="104534" CHANGEID="288165" /><ITEM ID="771" PARENTID="106233" CHILDID="106118" CHANGEID="290043" /><ITEM ID="734" PARENTID="105413" CHILDID="103443" CHANGEID="288598" /><ITEM ID="633" PARENTID="103661" CHILDID="103712" CHANGEID="285436" /><ITEM ID="774" PARENTID="106345" CHILDID="102066" CHANGEID="290197" /><ITEM ID="610" PARENTID="103267" CHILDID="103289" CHANGEID="284604" /><ITEM ID="755" PARENTID="105882" CHILDID="103332" CHANGEID="289400" /><ITEM ID="611" PARENTID="103239" CHILDID="103301" CHANGEID="284551" /><ITEM ID="767" PARENTID="106090" CHILDID="105950" CHANGEID="289776" /><ITEM ID="526" PARENTID="100619" CHILDID="100642" CHANGEID="278618" /><ITEM ID="661" PARENTID="104236" CHILDID="102798" CHANGEID="286402" /><ITEM ID="601" PARENTID="103159" CHILDID="101449" CHANGEID="284383" /><ITEM ID="684" PARENTID="104626" CHILDID="103236" CHANGEID="287103" /><ITEM ID="688" PARENTID="104667" CHILDID="101180" CHANGEID="287249" /><ITEM ID="747" PARENTID="105681" CHILDID="104931" CHANGEID="289045" /><ITEM ID="765" PARENTID="106063" CHILDID="101914" CHANGEID="289721" /><ITEM ID="778" PARENTID="106368" CHILDID="103816" CHANGEID="290233" /><ITEM ID="660" PARENTID="104205" CHILDID="101164" CHANGEID="286357" /><ITEM ID="615" PARENTID="103345" CHILDID="103370" CHANGEID="284772" /><ITEM ID="710" PARENTID="105044" CHILDID="105061" CHANGEID="287864" /><ITEM ID="612" PARENTID="103184" CHILDID="103317" CHANGEID="284421" /><ITEM ID="568" PARENTID="102024" CHILDID="101700" CHANGEID="281826" /><ITEM ID="591" PARENTID="102785" CHILDID="102847" CHANGEID="283658" /><ITEM ID="795" PARENTID="107310" CHILDID="105495" CHANGEID="291787" /><ITEM ID="753" PARENTID="105753" CHILDID="105772" CHANGEID="289183" /><ITEM ID="804" PARENTID="108107" CHILDID="104400" CHANGEID="293121" /><ITEM ID="676" PARENTID="104531" CHILDID="102857" CHANGEID="286918" /><ITEM ID="693" PARENTID="104779" CHILDID="102500" CHANGEID="287400" /><ITEM ID="686" PARENTID="104679" CHILDID="102625" CHANGEID="287221" /><ITEM ID="694" PARENTID="104744" CHILDID="104783" CHANGEID="287362" /><ITEM ID="530" PARENTID="100820" CHILDID="100845" CHANGEID="279037" /><ITEM ID="751" PARENTID="105695" CHILDID="104438" CHANGEID="289100" /><ITEM ID="524" PARENTID="100509" CHILDID="100565" CHANGEID="278442" /><ITEM ID="589" PARENTID="102751" CHILDID="102780" CHANGEID="283497" /><ITEM ID="680" PARENTID="104556" CHILDID="104591" CHANGEID="286992" /><ITEM ID="621" PARENTID="103483" CHILDID="102721" CHANGEID="285034" /><ITEM ID="748" PARENTID="105662" CHILDID="102150" CHANGEID="289043" /><ITEM ID="740" PARENTID="105540" CHILDID="101379" CHANGEID="288796" /><ITEM ID="631" PARENTID="103626" CHILDID="101035" CHANGEID="285351" /><ITEM ID="775" PARENTID="106335" CHILDID="103814" CHANGEID="290193" /><ITEM ID="553" PARENTID="101545" CHILDID="101559" CHANGEID="280760" /><ITEM ID="554" PARENTID="101526" CHILDID="101580" CHANGEID="280736" /><ITEM ID="706" PARENTID="104971" CHILDID="105023" CHANGEID="287734" /><ITEM ID="547" PARENTID="101358" CHILDID="101404" CHANGEID="280384" /><ITEM ID="790" PARENTID="106946" CHILDID="104591" CHANGEID="291197" /><ITEM ID="785" PARENTID="106626" CHILDID="105374" CHANGEID="290658" /><ITEM ID="613" PARENTID="103302" CHILDID="101503" CHANGEID="284684" /><ITEM ID="656" PARENTID="104203" CHILDID="104241" CHANGEID="286361" /><ITEM ID="581" PARENTID="102463" CHILDID="102518" CHANGEID="282853" /><ITEM ID="645" PARENTID="103865" CHILDID="101287" CHANGEID="285834" /><ITEM ID="599" PARENTID="103026" CHILDID="101720" CHANGEID="284134" /><ITEM ID="616" PARENTID="103383" CHILDID="103397" CHANGEID="284832" /><ITEM ID="578" PARENTID="102332" CHILDID="102424" CHANGEID="282557" /><ITEM ID="592" PARENTID="102858" CHILDID="102885" CHANGEID="283750" /><ITEM ID="669" PARENTID="104380" CHILDID="104431" CHANGEID="286681" /><ITEM ID="777" PARENTID="106363" CHILDID="105321" CHANGEID="290226" /><ITEM ID="717" PARENTID="105175" CHILDID="104888" CHANGEID="288129" /><ITEM ID="555" PARENTID="101516" CHILDID="101552" CHANGEID="280724" /><ITEM ID="628" PARENTID="103506" CHILDID="103588" CHANGEID="285176" /><ITEM ID="652" PARENTID="104111" CHILDID="103770" CHANGEID="286180" /><ITEM ID="537" PARENTID="101021" CHILDID="101056" CHANGEID="279492" /><ITEM ID="618" PARENTID="103392" CHILDID="102425" CHANGEID="284880" /><ITEM ID="721" PARENTID="105155" CHILDID="105185" CHANGEID="288112" /><ITEM ID="672" PARENTID="104466" CHILDID="104478" CHANGEID="286801" /><ITEM ID="620" PARENTID="103415" CHILDID="103453" CHANGEID="284911" /><ITEM ID="770" PARENTID="106152" CHILDID="103480" CHANGEID="289887" /><ITEM ID="675" PARENTID="104517" CHILDID="100782" CHANGEID="286916" /><ITEM ID="728" PARENTID="105293" CHILDID="105347" CHANGEID="288359" /><ITEM ID="713" PARENTID="105090" CHILDID="105114" CHANGEID="287963" /><ITEM ID="533" PARENTID="100900" CHILDID="100935" CHANGEID="279240" /><ITEM ID="585" PARENTID="102556" CHILDID="101674" CHANGEID="283133" /><ITEM ID="668" PARENTID="104449" CHILDID="102934" CHANGEID="286750" /><ITEM ID="625" PARENTID="103513" CHILDID="103546" CHANGEID="285103" /><ITEM ID="701" PARENTID="104932" CHILDID="103949" CHANGEID="287653" /><ITEM ID="556" PARENTID="101567" CHILDID="101590" CHANGEID="280847" /><ITEM ID="619" PARENTID="103449" CHILDID="103040" CHANGEID="284972" /><ITEM ID="715" PARENTID="105093" CHILDID="105137" CHANGEID="288000" /><ITEM ID="761" PARENTID="105978" CHILDID="101379" CHANGEID="289575" /><ITEM ID="575" PARENTID="102246" CHILDID="102265" CHANGEID="282350" /><ITEM ID="802" PARENTID="107968" CHILDID="107245" CHANGEID="292925" /><ITEM ID="708" PARENTID="105045" CHILDID="105023" CHANGEID="287874" /><ITEM ID="727" PARENTID="105303" CHILDID="105317" CHANGEID="288366" /><ITEM ID="544" PARENTID="101217" CHILDID="101274" CHANGEID="279945" /><ITEM ID="614" PARENTID="103081" CHILDID="103316" CHANGEID="284192" /><ITEM ID="707" PARENTID="105012" CHILDID="104668" CHANGEID="287798" /><ITEM ID="736" PARENTID="105476" CHILDID="105023" CHANGEID="288682" /><ITEM ID="632" PARENTID="103721" CHILDID="100652" CHANGEID="285497" /><ITEM ID="692" PARENTID="104733" CHILDID="104761" CHANGEID="287298" /><ITEM ID="679" PARENTID="104515" CHILDID="104577" CHANGEID="286890" /><ITEM ID="560" PARENTID="101660" CHILDID="101715" CHANGEID="281042" /><ITEM ID="597" PARENTID="102999" CHILDID="100966" CHANGEID="284062" /><ITEM ID="714" PARENTID="105118" CHILDID="105136" CHANGEID="288029" /><ITEM ID="546" PARENTID="101300" CHILDID="100574" CHANGEID="280209" /><ITEM ID="627" PARENTID="103580" CHILDID="103592" CHANGEID="285232" /><ITEM ID="532" PARENTID="100877" CHILDID="100810" CHANGEID="279180" /><ITEM ID="570" PARENTID="102091" CHILDID="101581" CHANGEID="282022" /><ITEM ID="588" PARENTID="102761" CHILDID="102071" CHANGEID="283509" /><ITEM ID="794" PARENTID="107307" CHILDID="104842" CHANGEID="291775" /><ITEM ID="803" PARENTID="108062" CHILDID="105943" CHANGEID="293051" /><ITEM ID="671" PARENTID="104467" CHILDID="101587" CHANGEID="286804" /><ITEM ID="557" PARENTID="101598" CHILDID="101625" CHANGEID="280894" /><ITEM ID="682" PARENTID="104628" CHILDID="103553" CHANGEID="287088" /><ITEM ID="535" PARENTID="100863" CHILDID="100927" CHANGEID="279140" /><ITEM ID="685" PARENTID="104644" CHILDID="104662" CHANGEID="287132" /><ITEM ID="646" PARENTID="103911" CHILDID="103938" CHANGEID="285843" /><ITEM ID="658" PARENTID="104170" CHILDID="101398" CHANGEID="286287" /><ITEM ID="787" PARENTID="106725" CHILDID="103704" CHANGEID="290840" /><ITEM ID="634" PARENTID="103681" CHILDID="103754" CHANGEID="285421" /><ITEM ID="663" PARENTID="104308" CHILDID="104335" CHANGEID="286521" /><ITEM ID="690" PARENTID="104727" CHILDID="103536" CHANGEID="287273" /><ITEM ID="624" PARENTID="103538" CHILDID="102424" CHANGEID="285146" /><ITEM ID="564" PARENTID="101796" CHILDID="101853" CHANGEID="281354" /><ITEM ID="607" PARENTID="103221" CHILDID="103247" CHANGEID="284505" /><ITEM ID="750" PARENTID="105632" CHILDID="105679" CHANGEID="288971" /><ITEM ID="579" PARENTID="102418" CHILDID="102434" CHANGEID="282742" /><ITEM ID="603" PARENTID="103192" CHILDID="103040" CHANGEID="284435" /><ITEM ID="573" PARENTID="102101" CHILDID="102173" CHANGEID="282098" /><ITEM ID="587" PARENTID="102748" CHILDID="102039" CHANGEID="283474" /><ITEM ID="749" PARENTID="105685" CHILDID="104949" CHANGEID="289067" /><ITEM ID="558" PARENTID="101620" CHILDID="101296" CHANGEID="280957" /><ITEM ID="776" PARENTID="106343" CHILDID="103854" CHANGEID="290202" /><ITEM ID="566" PARENTID="101742" CHILDID="101959" CHANGEID="281208" /><ITEM ID="576" PARENTID="102256" CHILDID="102282" CHANGEID="282385" /><ITEM ID="523" PARENTID="100467" CHILDID="100537" CHANGEID="278344" /><ITEM ID="681" PARENTID="104583" CHILDID="104600" CHANGEID="287014" /><ITEM ID="642" PARENTID="103878" CHILDID="103889" CHANGEID="285776" /><ITEM ID="742" PARENTID="105505" CHILDID="105092" CHANGEID="288753" /><ITEM ID="622" PARENTID="103490" CHILDID="101131" CHANGEID="285060" /><ITEM ID="781" PARENTID="106421" CHILDID="104282" CHANGEID="290332" /><ITEM ID="712" PARENTID="105064" CHILDID="103715" CHANGEID="287936" /><ITEM ID="683" PARENTID="104546" CHILDID="103412" CHANGEID="286970" /><ITEM ID="521" PARENTID="99971" CHILDID="99984" CHANGEID="277188" /><ITEM ID="538" PARENTID="101063" CHILDID="101086" CHANGEID="279553" /><ITEM ID="539" PARENTID="101039" CHILDID="101106" CHANGEID="279506" /><ITEM ID="744" PARENTID="105598" CHILDID="105276" CHANGEID="288917" /><ITEM ID="729" PARENTID="105329" CHILDID="102296" CHANGEID="288448" /><ITEM ID="662" PARENTID="104293" CHILDID="104322" CHANGEID="286488" /><ITEM ID="757" PARENTID="105846" CHILDID="105860" CHANGEID="289342" /><ITEM ID="756" PARENTID="105891" CHILDID="105079" CHANGEID="289434" /><ITEM ID="565" PARENTID="101826" CHILDID="101854" CHANGEID="281419" /><ITEM ID="738" PARENTID="105535" CHILDID="104424" CHANGEID="288783" /><ITEM ID="695" PARENTID="104810" CHILDID="104833" CHANGEID="287435" /><ITEM ID="703" PARENTID="104912" CHILDID="104926" CHANGEID="287620" /><ITEM ID="766" PARENTID="106060" CHILDID="104318" CHANGEID="289743" /><ITEM ID="711" PARENTID="105054" CHILDID="104740" CHANGEID="287875" /><ITEM ID="779" PARENTID="106395" CHILDID="102413" CHANGEID="290278" /><ITEM ID="617" PARENTID="103313" CHILDID="103374" CHANGEID="284750" /><ITEM ID="720" PARENTID="105192" CHILDID="103317" CHANGEID="288160" /><ITEM ID="670" PARENTID="104459" CHILDID="101776" CHANGEID="286800" /><ITEM ID="600" PARENTID="103136" CHILDID="101700" CHANGEID="284302" /><ITEM ID="733" PARENTID="105380" CHILDID="105438" CHANGEID="288580" /><ITEM ID="722" PARENTID="105186" CHILDID="102313" CHANGEID="288210" /><ITEM ID="723" PARENTID="105173" CHILDID="104508" CHANGEID="288139" /><ITEM ID="782" PARENTID="106412" CHILDID="105895" CHANGEID="290326" /><ITEM ID="709" PARENTID="104995" CHILDID="105060" CHANGEID="287811" /><ITEM ID="545" PARENTID="101235" CHILDID="101291" CHANGEID="279988" /><ITEM ID="737" PARENTID="105509" CHILDID="104322" CHANGEID="288755" /><ITEM ID="551" PARENTID="101498" CHILDID="101551" CHANGEID="280665" /><ITEM ID="644" PARENTID="103843" CHILDID="103794" CHANGEID="285744" /><ITEM ID="705" PARENTID="104959" CHILDID="105018" CHANGEID="287703" /><ITEM ID="653" PARENTID="104043" CHILDID="104117" CHANGEID="286060" /><ITEM ID="655" PARENTID="104136" CHILDID="104184" CHANGEID="286256" /><ITEM ID="732" PARENTID="105404" CHILDID="104779" CHANGEID="288549" /><ITEM ID="541" PARENTID="101192" CHILDID="101216" CHANGEID="279868" /><ITEM ID="559" PARENTID="101686" CHILDID="101700" CHANGEID="281085" /><ITEM ID="643" PARENTID="103837" CHILDID="103057" CHANGEID="285705" /><ITEM ID="800" PARENTID="107713" CHILDID="104998" CHANGEID="292470" /><ITEM ID="773" PARENTID="106290" CHILDID="102066" CHANGEID="290135" /><ITEM ID="567" PARENTID="101948" CHILDID="101993" CHANGEID="281698" /><ITEM ID="691" PARENTID="104731" CHILDID="104752" CHANGEID="287283" /><ITEM ID="590" PARENTID="102776" CHILDID="101617" CHANGEID="283555" /><ITEM ID="629" PARENTID="103600" CHILDID="103623" CHANGEID="285288" /><ITEM ID="531" PARENTID="100802" CHILDID="100839" CHANGEID="279008" /><ITEM ID="586" PARENTID="102594" CHILDID="100652" CHANGEID="283163" /><ITEM ID="635" PARENTID="103766" CHILDID="103792" CHANGEID="285577" /><ITEM ID="657" PARENTID="104257" CHILDID="103327" CHANGEID="286435" /><ITEM ID="788" PARENTID="106804" CHILDID="106168" CHANGEID="291022" /><ITEM ID="772" PARENTID="106267" CHILDID="104600" CHANGEID="290086" /><ITEM ID="582" PARENTID="102506" CHILDID="101316" CHANGEID="282969" /><ITEM ID="623" PARENTID="103385" CHILDID="101427" CHANGEID="284890" /><ITEM ID="698" PARENTID="104889" CHILDID="101417" CHANGEID="287588" /><ITEM ID="664" PARENTID="104357" CHILDID="102980" CHANGEID="286608" /><ITEM ID="561" PARENTID="101751" CHILDID="101763" CHANGEID="281210" /><ITEM ID="552" PARENTID="101531" CHILDID="101361" CHANGEID="280741" /><ITEM ID="626" PARENTID="103545" CHILDID="100967" CHANGEID="285151" /><ITEM ID="780" PARENTID="106389" CHILDID="102857" CHANGEID="290290" /><ITEM ID="762" PARENTID="105953" CHILDID="105975" CHANGEID="289532" /><ITEM ID="630" PARENTID="103571" CHILDID="103607" CHANGEID="285240" /><ITEM ID="549" PARENTID="101475" CHILDID="101511" CHANGEID="280624" /><ITEM ID="745" PARENTID="105631" CHILDID="105664" CHANGEID="288979" /><ITEM ID="647" PARENTID="103953" CHILDID="103974" CHANGEID="285915" /></ITEMS>