﻿<?xml version="1.0" encoding="utf-8"?><OPERATIONTYPES><OPERATIONTYPE ID="0" NAME="Не определено" ISACTIVE="true" UPDATEDATE="1900-01-01" STARTDATE="1900-01-01" ENDDATE="2079-06-06" /><OPERATIONTYPE ID="1" NAME="Инициация" ISACTIVE="true" UPDATEDATE="1900-01-01" STARTDATE="1900-01-01" ENDDATE="2079-06-06" /><OPERATIONTYPE ID="10" NAME="Добавление" ISACTIVE="true" UPDATEDATE="1900-01-01" STARTDATE="1900-01-01" ENDDATE="2079-06-06" /><OPERATIONTYPE ID="20" NAME="Изменение" ISACTIVE="true" UPDATEDATE="1900-01-01" STARTDATE="1900-01-01" ENDDATE="2079-06-06" /><OPERATIONTYPE ID="21" NAME="Групповое изменение" SHORTNAME="Групповое изменение" ISACTIVE="true" UPDATEDATE="1900-01-01" STARTDATE="1900-01-01" ENDDATE="2079-06-06" /><OPERATIONTYPE ID="23" NAME="Редактирование протяжённых объектов" SHORTNAME="Редактирование протяжённых объектов" ISACTIVE="true" UPDATEDATE="1900-01-01" STARTDATE="1900-01-01" ENDDATE="2079-06-06" /><OPERATIONTYPE ID="24" NAME="Групповое редактирование объектов" SHORTNAME="Групповое редактирование объектов" ISACTIVE="true" UPDATEDATE="1900-01-01" STARTDATE="1900-01-01" ENDDATE="2079-06-06" /><OPERATIONTYPE ID="25" NAME="Редактирование почтовых индексов Почтой России" SHORTNAME="Редактирование почтовых индексов Почтой России" ISACTIVE="true" UPDATEDATE="1900-01-01" STARTDATE="1900-01-01" ENDDATE="2079-06-06" /><OPERATIONTYPE ID="26" NAME="Обновление справочника ОКТМО" SHORTNAME="Обновление справочника ОКТМО" ISACTIVE="true" UPDATEDATE="1900-01-01" STARTDATE="1900-01-01" ENDDATE="2079-06-06" /><OPERATIONTYPE ID="27" NAME="Обновление справочника ОКАТО" SHORTNAME="Обновление справочника ОКАТО" ISACTIVE="true" UPDATEDATE="1900-01-01" STARTDATE="1900-01-01" ENDDATE="2079-06-06" /><OPERATIONTYPE ID="28" NAME="Обновление справочника СОУН" SHORTNAME="Обновление справочника СОУН" ISACTIVE="true" UPDATEDATE="1900-01-01" STARTDATE="1900-01-01" ENDDATE="2079-06-06" /><OPERATIONTYPE ID="30" NAME="Удаление" ISACTIVE="true" UPDATEDATE="1900-01-01" STARTDATE="1900-01-01" ENDDATE="2079-06-06" /><OPERATIONTYPE ID="31" NAME="Удаление вследствие удаления вышестоящего объекта" ISACTIVE="true" UPDATEDATE="1900-01-01" STARTDATE="1900-01-01" ENDDATE="2079-06-06" /><OPERATIONTYPE ID="40" NAME="Присоединение адресного объекта (слияние)" ISACTIVE="true" UPDATEDATE="1900-01-01" STARTDATE="1900-01-01" ENDDATE="2079-06-06" /><OPERATIONTYPE ID="41" NAME="Переподчинение вследствие слияния вышестоящего объекта" ISACTIVE="true" UPDATEDATE="1900-01-01" STARTDATE="1900-01-01" ENDDATE="2079-06-06" /><OPERATIONTYPE ID="42" NAME="Прекращение существования вследствие присоединения" ISACTIVE="true" UPDATEDATE="1900-01-01" STARTDATE="1900-01-01" ENDDATE="2079-06-06" /><OPERATIONTYPE ID="43" NAME="Создание нового адресного объекта в результате слияния" ISACTIVE="true" UPDATEDATE="1900-01-01" STARTDATE="1900-01-01" ENDDATE="2079-06-06" /><OPERATIONTYPE ID="50" NAME="Переподчинение" ISACTIVE="true" UPDATEDATE="1900-01-01" STARTDATE="1900-01-01" ENDDATE="2079-06-06" /><OPERATIONTYPE ID="51" NAME="Переподчинение вследствие переподчинения вышестоящего" ISACTIVE="true" UPDATEDATE="1900-01-01" STARTDATE="1900-01-01" ENDDATE="2079-06-06" /><OPERATIONTYPE ID="52" NAME="Прекращение существования вследствие переподчинения" ISACTIVE="true" UPDATEDATE="1900-01-01" STARTDATE="1900-01-01" ENDDATE="2079-06-06" /><OPERATIONTYPE ID="53" NAME="Переподчинение вследствие изм.состава род.объектов" ISACTIVE="true" UPDATEDATE="1900-01-01" STARTDATE="1900-01-01" ENDDATE="2079-06-06" /><OPERATIONTYPE ID="60" NAME="Прекращение существования вследствие дробления" ISACTIVE="true" UPDATEDATE="1900-01-01" STARTDATE="1900-01-01" ENDDATE="2079-06-06" /><OPERATIONTYPE ID="61" NAME="Создание нового адресного объекта в результате дробления" ISACTIVE="true" UPDATEDATE="1900-01-01" STARTDATE="1900-01-01" ENDDATE="2079-06-06" /><OPERATIONTYPE ID="70" NAME="Восстановление прекратившего существование объекта" ISACTIVE="true" UPDATEDATE="1900-01-01" STARTDATE="1900-01-01" ENDDATE="2079-06-06" /></OPERATIONTYPES>