﻿<?xml version="1.0" encoding="utf-8"?><ROOMS><ROOM ID="251131" OBJECTID="46345429" OBJECTGUID="0dcf9e24-d7ae-4371-8bbd-65c3a1736c0b" CHANGEID="69765472" NUMBER="7" ROOMTYPE="1" OPERTYPEID="10" PREVID="0" NEXTID="0" UPDATEDATE="2017-03-20" STARTDATE="2008-09-01" ENDDATE="2079-06-06" ISACTUAL="1" ISACTIVE="1" /><ROOM ID="251133" OBJECTID="46345685" OBJECTGUID="11cc205d-5b86-4f37-8d42-597df4840b87" CHANGEID="69765878" NUMBER="10" ROOMTYPE="1" OPERTYPEID="10" PREVID="0" NEXTID="0" UPDATEDATE="2017-03-20" STARTDATE="2008-09-01" ENDDATE="2079-06-06" ISACTUAL="1" ISACTIVE="1" /><ROOM ID="251134" OBJECTID="46345697" OBJECTGUID="17e65675-9653-4b38-9b11-0c6ab865211f" CHANGEID="69765900" NUMBER="5" ROOMTYPE="1" OPERTYPEID="10" PREVID="0" NEXTID="0" UPDATEDATE="2017-03-20" STARTDATE="2008-09-01" ENDDATE="2079-06-06" ISACTUAL="1" ISACTIVE="1" /><ROOM ID="251135" OBJECTID="46345706" OBJECTGUID="2496ccf6-88db-4cc1-9761-ba6f9d88abd3" CHANGEID="69765913" NUMBER="13" ROOMTYPE="1" OPERTYPEID="10" PREVID="0" NEXTID="0" UPDATEDATE="2017-03-20" STARTDATE="2008-09-01" ENDDATE="2079-06-06" ISACTUAL="1" ISACTIVE="1" /><ROOM ID="251136" OBJECTID="46345890" OBJECTGUID="282963f6-487c-45d2-9447-f17e348180c3" CHANGEID="69766175" NUMBER="11" ROOMTYPE="1" OPERTYPEID="10" PREVID="0" NEXTID="0" UPDATEDATE="2017-03-20" STARTDATE="2008-09-01" ENDDATE="2079-06-06" ISACTUAL="1" ISACTIVE="1" /><ROOM ID="251137" OBJECTID="46345991" OBJECTGUID="46b7dd91-c0dd-4951-8d7d-89fe3cf6c768" CHANGEID="69766372" NUMBER="3" ROOMTYPE="1" OPERTYPEID="10" PREVID="0" NEXTID="0" UPDATEDATE="2017-03-20" STARTDATE="2008-09-01" ENDDATE="2079-06-06" ISACTUAL="1" ISACTIVE="1" /><ROOM ID="251138" OBJECTID="46346004" OBJECTGUID="4c867dd0-cf3f-476c-bb0e-4189f5ab78d6" CHANGEID="69766392" NUMBER="16" ROOMTYPE="1" OPERTYPEID="10" PREVID="0" NEXTID="0" UPDATEDATE="2017-03-20" STARTDATE="2008-09-01" ENDDATE="2079-06-06" ISACTUAL="1" ISACTIVE="1" /><ROOM ID="251139" OBJECTID="46346009" OBJECTGUID="6403c6c9-5d7a-492d-aeae-90de789b3b3d" CHANGEID="69766402" NUMBER="9" ROOMTYPE="1" OPERTYPEID="10" PREVID="0" NEXTID="0" UPDATEDATE="2017-03-20" STARTDATE="2008-09-01" ENDDATE="2079-06-06" ISACTUAL="1" ISACTIVE="1" /><ROOM ID="251140" OBJECTID="46346014" OBJECTGUID="90a8b4b3-fb88-4ec5-ba21-1b3f5e726d94" CHANGEID="69766409" NUMBER="4" ROOMTYPE="1" OPERTYPEID="10" PREVID="0" NEXTID="0" UPDATEDATE="2017-03-20" STARTDATE="2008-09-01" ENDDATE="2079-06-06" ISACTUAL="1" ISACTIVE="1" /><ROOM ID="251141" OBJECTID="46346020" OBJECTGUID="998ada52-1df6-47f1-b853-c5508e9f728d" CHANGEID="69766417" NUMBER="17" ROOMTYPE="1" OPERTYPEID="10" PREVID="0" NEXTID="0" UPDATEDATE="2017-03-20" STARTDATE="2008-09-01" ENDDATE="2079-06-06" ISACTUAL="1" ISACTIVE="1" /><ROOM ID="251142" OBJECTID="46346028" OBJECTGUID="af61ece3-1582-41d3-bc36-199b5a02dfcc" CHANGEID="69766428" NUMBER="14" ROOMTYPE="1" OPERTYPEID="10" PREVID="0" NEXTID="0" UPDATEDATE="2017-03-20" STARTDATE="2008-09-01" ENDDATE="2079-06-06" ISACTUAL="1" ISACTIVE="1" /><ROOM ID="251143" OBJECTID="46346035" OBJECTGUID="b6c1971d-6100-48bf-8aaf-126f253bae67" CHANGEID="69766436" NUMBER="18" ROOMTYPE="1" OPERTYPEID="10" PREVID="0" NEXTID="0" UPDATEDATE="2017-03-20" STARTDATE="2008-09-01" ENDDATE="2079-06-06" ISACTUAL="1" ISACTIVE="1" /><ROOM ID="251144" OBJECTID="46346044" OBJECTGUID="ba2eddd4-78c2-4147-865e-3afecce6a964" CHANGEID="69766449" NUMBER="6" ROOMTYPE="1" OPERTYPEID="10" PREVID="0" NEXTID="0" UPDATEDATE="2017-03-20" STARTDATE="2008-09-01" ENDDATE="2079-06-06" ISACTUAL="1" ISACTIVE="1" /><ROOM ID="251145" OBJECTID="46346049" OBJECTGUID="c96f8a4e-8022-44bd-a54d-72b5557f20c8" CHANGEID="69766455" NUMBER="8" ROOMTYPE="1" OPERTYPEID="10" PREVID="0" NEXTID="0" UPDATEDATE="2017-03-20" STARTDATE="2008-09-01" ENDDATE="2079-06-06" ISACTUAL="1" ISACTIVE="1" /><ROOM ID="251146" OBJECTID="46346053" OBJECTGUID="cf46025c-1d97-4a41-a65d-bdf94e417f24" CHANGEID="69766464" NUMBER="2" ROOMTYPE="1" OPERTYPEID="10" PREVID="0" NEXTID="0" UPDATEDATE="2017-03-20" STARTDATE="2008-09-01" ENDDATE="2079-06-06" ISACTUAL="1" ISACTIVE="1" /><ROOM ID="251147" OBJECTID="46346054" OBJECTGUID="d23608c6-a559-41f1-9af3-0b6cdd64ca1d" CHANGEID="69766468" NUMBER="15" ROOMTYPE="1" OPERTYPEID="10" PREVID="0" NEXTID="0" UPDATEDATE="2017-03-20" STARTDATE="2008-09-01" ENDDATE="2079-06-06" ISACTUAL="1" ISACTIVE="1" /><ROOM ID="251148" OBJECTID="46346057" OBJECTGUID="ee92917a-58e2-428b-8e18-11665c96bb78" CHANGEID="69766471" NUMBER="12" ROOMTYPE="1" OPERTYPEID="10" PREVID="0" NEXTID="0" UPDATEDATE="2017-03-20" STARTDATE="2008-09-01" ENDDATE="2079-06-06" ISACTUAL="1" ISACTIVE="1" /><ROOM ID="251149" OBJECTID="46346063" OBJECTGUID="f84e17d2-a1a7-4b4d-a4ba-2ea18d79ba2c" CHANGEID="69766484" NUMBER="1" ROOMTYPE="1" OPERTYPEID="10" PREVID="0" NEXTID="0" UPDATEDATE="2017-03-20" STARTDATE="2008-09-01" ENDDATE="2079-06-06" ISACTUAL="1" ISACTIVE="1" /><ROOM ID="348049" OBJECTID="62317821" OBJECTGUID="b28f4ae2-5202-4ae9-9be8-298d5d5ed6f1" CHANGEID="93043942" NUMBER="3" ROOMTYPE="1" OPERTYPEID="10" PREVID="0" NEXTID="0" UPDATEDATE="2019-07-14" STARTDATE="2016-11-08" ENDDATE="2079-06-06" ISACTUAL="1" ISACTIVE="1" /><ROOM ID="383623" OBJECTID="68038525" OBJECTGUID="dd2cb599-3a99-45bb-a629-40b5627110e3" CHANGEID="101425170" NUMBER="98" ROOMTYPE="1" OPERTYPEID="10" PREVID="0" NEXTID="0" UPDATEDATE="2018-03-12" STARTDATE="2018-03-12" ENDDATE="2018-03-12" ISACTUAL="1" ISACTIVE="0" /><ROOM ID="408693" OBJECTID="72172125" OBJECTGUID="331ee7d3-05ad-4bc8-86a7-7332f058e9b2" CHANGEID="107469489" NUMBER="1" ROOMTYPE="2" OPERTYPEID="10" PREVID="0" NEXTID="0" UPDATEDATE="2018-04-10" STARTDATE="2018-04-10" ENDDATE="2079-06-06" ISACTUAL="1" ISACTIVE="1" /></ROOMS>