﻿<?xml version="1.0" encoding="utf-8"?><PARAMTYPES><PARAMTYPE ID="1" NAME="ИФНС ФЛ" DESC="ИФНС ФЛ" CODE="IFNSFL" ISACTIVE="false" UPDATEDATE="2018-06-15" STARTDATE="2011-11-01" ENDDATE="2079-06-06" /><PARAMTYPE ID="2" NAME="ИФНС ЮЛ" DESC="ИФНС ЮЛ" CODE="IFNSUL" ISACTIVE="true" UPDATEDATE="2018-06-15" STARTDATE="2011-11-01" ENDDATE="2079-06-06" /><PARAMTYPE ID="3" NAME="ИНН ФЛ ТЕР УЧ" DESC="Территориальный участок ИФНС ЮЛ" CODE="territorialifnsflcode" ISACTIVE="true" UPDATEDATE="2018-06-15" STARTDATE="2011-11-01" ENDDATE="2079-06-06" /><PARAMTYPE ID="4" NAME="ИФНС ЮЛ ТЕР УЧ" DESC="Территориальный участок ИФНС ФЛ" CODE="territorialifnsulcode" ISACTIVE="true" UPDATEDATE="2018-06-15" STARTDATE="2011-11-01" ENDDATE="2079-06-06" /><PARAMTYPE ID="5" NAME="Почтовый индекс" DESC="Информация о почтовом индексе" CODE="PostIndex" ISACTIVE="true" UPDATEDATE="2018-06-15" STARTDATE="2011-11-01" ENDDATE="2079-06-06" /><PARAMTYPE ID="6" NAME="ОКАТО" DESC="ОКАТО" CODE="OKATO" ISACTIVE="true" UPDATEDATE="2018-06-19" STARTDATE="2011-11-01" ENDDATE="2079-06-06" /><PARAMTYPE ID="7" NAME="OKTMO" DESC="OKTMO" CODE="OKTMO" ISACTIVE="true" UPDATEDATE="2018-06-19" STARTDATE="2011-11-01" ENDDATE="2079-06-06" /><PARAMTYPE ID="8" NAME="Кадастровый номер" DESC="Кадастровый номер" CODE="CadastrNum" ISACTIVE="true" UPDATEDATE="2018-06-19" STARTDATE="2011-11-01" ENDDATE="2079-06-06" /><PARAMTYPE ID="10" NAME="Код КЛАДР" DESC="Код адресного объекта одной строкой с признаком актуальности" CODE="CODE" ISACTIVE="true" UPDATEDATE="2018-06-21" STARTDATE="2011-11-01" ENDDATE="2079-06-06" /><PARAMTYPE ID="11" NAME="Код КЛАДР без признака актуальности" DESC="Код адресного объекта одной строкой без признака актуальности" CODE="PLAINCODE" ISACTIVE="true" UPDATEDATE="2018-06-21" STARTDATE="2011-11-01" ENDDATE="2079-06-06" /><PARAMTYPE ID="12" NAME="Код региона" DESC="Код региона" CODE="REGIONCODE" ISACTIVE="true" UPDATEDATE="2018-06-21" STARTDATE="2011-11-01" ENDDATE="2079-06-06" /><PARAMTYPE ID="13" NAME="Реестровый номер" DESC="Реестровый номер адресного объекта" CODE="ReestrNum" ISACTIVE="true" UPDATEDATE="2018-11-12" STARTDATE="2011-11-01" ENDDATE="2079-06-06" /><PARAMTYPE ID="14" NAME="Признак присвоения адреса" DESC="Признак в каком делении присвоен адрес, муниципальном/административном" CODE="DivisionType" ISACTIVE="true" UPDATEDATE="2018-12-14" STARTDATE="2011-11-01" ENDDATE="2079-06-06" /><PARAMTYPE ID="15" NAME="Порядковый номер" DESC="Порядковый номер обьекта в рамках родителя" CODE="Counter" ISACTIVE="true" UPDATEDATE="2018-12-14" STARTDATE="2011-11-01" ENDDATE="2079-06-06" /><PARAMTYPE ID="16" NAME="Официальное наименование" DESC="Официальное наименование объекта(Региона)" CODE="Official" ISACTIVE="true" UPDATEDATE="2019-12-04" STARTDATE="2019-12-04" ENDDATE="2079-06-06" /></PARAMTYPES>